"Sr No","Drug Code","Generic Name","Unit Size","MRP","Group Name"
"1","8150","3-way stopcock with 10 cm extension line","1's","28.13","Surgical & Medical Consumables"
"2","1178","5-Flurouracil Injection 500mg","10 ml","11.5","Oncology"
"3","2250","Abacavir 600mg and Lamivudine 300mg Tablets","30's Bottle","867.19","Anti-Retroviral"
"4","2249","Abacavir 600mg, Dolutegravir 50mg and Lamivudine 300mg Tablets","30's Bottle","2718.75","Anti-Retroviral"
"5","8089","Abdominal Belt Velcro, Cream color (Large)","1's","240","Surgical & Medical Consumables"
"6","8091","Abdominal Belt Velcro, Cream color (Medium)","1's","240","Surgical & Medical Consumables"
"7","8090","Abdominal Belt Velcro, Cream color (Small)","1's","240","Surgical & Medical Consumables"
"8","8092","Abdominal Belt Velcro, Cream color (XL)","1's","250","Surgical & Medical Consumables"
"9","8093","Abdominal Belt Velcro, Cream color (XXL)","1's","250","Surgical & Medical Consumables"
"10","5065","Abdominal Drainage Kit, Sterile (2000ml, 24 Graduate)","1's","93.75","Surgical & Medical Consumables"
"11","5066","Abdominal Drainage Kit, Sterile (2000ml, 28 Graduate)","1's","93.75","Surgical & Medical Consumables"
"12","2283","Abiraterone Acetate Tablets 250mg","120's bottle","0","Oncology"
"13","2785","Abiraterone Acetate Tablets 500mg","60's bottle","0","Oncology"
"14","5002","Absorbent Cotton Wool IP 200 g","1's","63.75","Surgical & Medical Consumables"
"15","5003","Absorbent Cotton Wool IP 500 g","1's","161.25","Surgical & Medical Consumables"
"16","5001","Absorbent Cotton Wool IP 75 g","1's","27.19","Surgical & Medical Consumables"
"17","6040","Absorbent Gelatin Sponge, Sterilized (80mm x 50mm x 10mm)","1's","93.75","Surgical & Medical Consumables"
"18","2284","Acamprosate Calcium Tablets 333mg","6's","46.88","Anti-Alcoholism"
"19","2224","Acarbose 50mg and Metformin Hydrochloride 500mg Tablets","10's","77.81","Anti-Diabetic"
"20","1488","Acarbose Tablets IP 25 mg","10's","37.5","Anti-Diabetic"
"21","369","Acarbose Tablets IP 50 mg","10's","63.94","Anti-Diabetic"
"22","1489","Acebrophylline 100mg and Acetylcysteine 600mg Tablets","10's","61.88","Respiratory"
"23","1255","Acebrophylline 200mg (Sustained Release) and Montelukast 10mg Tablets","10's","56.72","Respiratory"
"24","541","Acebrophylline Capsules 100 mg","10's","22.69","Respiratory"
"25","1490","Acebrophylline Sustained Release Tablets 200 mg","10's","28.13","Respiratory"
"26","2499","Aceclofenac 1.00% w/w, Menthol 5.00% w/w Spray","100ml","0","Analgesic/Antipyretic/Anti-Inflammatory"
"27","2500","Aceclofenac 1.5% w/w gel, 30g","30g","0","Analgesic/Antipyretic/Anti-Inflammatory"
"28","1","Aceclofenac 100mg and Paracetamol 325mg Tablets","10's","10.32","Analgesic/Antipyretic/Anti-Inflammatory"
"29","2383","Aceclofenac 100mg and Tizanidine 2mg Tablets","10's","0","Analgesic/Antipyretic/Anti-Inflammatory"
"30","1996","Aceclofenac 100Mg,  Paracetamol 325Mg  And Trypsin-Chymotrypsin 150000Au Tablets","10's","37.5","Analgesic/Antipyretic/Anti-Inflammatory"
"31","637","Aceclofenac 100mg, Paracetamol 325mg and Chlorzoxazone 250mg Tablets","10's","16.5","Analgesic/Antipyretic/Anti-Inflammatory"
"32","512","Aceclofenac 100mg, Paracetamol 325mg and Serratiopeptidase 15mg Tablets","10's","19.59","Analgesic/Antipyretic/Anti-Inflammatory"
"33","1493","Aceclofenac 100mg, Paracetamol 325mg and Thiocolchicoside 4mg Tablets","10's","51.56","Analgesic/Antipyretic/Anti-Inflammatory"
"34","1495","Aceclofenac 100mg, Paracetamol 325mg and Tizanidine 2mg Tablets","10's","18.75","Analgesic/Antipyretic/Anti-Inflammatory"
"35","1492","Aceclofenac 200mg (Sustained release) and Rabeprazole Sodium 20mg (Enteric-coated) Capsules","10's","28.13","Analgesic/Antipyretic/Anti-Inflammatory"
"36","2382","Aceclofenac 200mg and Cyclobenzaprine 15mg Sustained Release Tablets","10's","0","Analgesic/Antipyretic/Anti-Inflammatory"
"37","516","Aceclofenac Sustained Release Tablets 200mg","10's","18.75","Analgesic/Antipyretic/Anti-Inflammatory"
"38","2","Aceclofenac Tablets IP 100 mg","10's","8.25","Analgesic/Antipyretic/Anti-Inflammatory"
"39","426","Acenocoumarol Tablets IP 2 mg","30's","33.75","Cardiovascular System (CVS)"
"40","768","Acetazolamide Tablets IP 250mg","10's","18","Altitude Sickness"
"41","2225","Acetylcysteine Effervescent Tablets 600mg","10's","126.56","Respiratory"
"42","1170","Acetylcysteine Injection 200 mg per ml","2 ml Ampoules","23.44","Respiratory"
"43","539","Acetylcysteine Tablets 600 mg","10's","30","Respiratory"
"44","769","Acetylsalicylic Acid (Aspirin) Gastro-resistant Tablets IP 325mg","14's","7.5","Cardiovascular System (CVS)"
"45","1496","Aciclovir Dispersible Tablets IP 400 mg","5's","28.13","Anti-Viral"
"46","393","Aciclovir Dispersible Tablets IP 800 mg","5's","41.25","Anti-Viral"
"47","29","Aciclovir Tablets IP 400 mg","10's","41.25","Anti-Viral"
"48","1497","Acitretin Capsules IP 25 mg","10's","234.38","Derma Care"
"49","1498","Acotiamide Tablets 100mg","10's","68.44","Gastrointestinal (GIT)"
"50","2657","Acyclovir Dispersible Tablets IP 200 mg","5's","14.06","Anti-Viral"
"51","699","Acyclovir Eye Ointment IP 3% W/W","5 gm","23.44","Opthalmic/Otic"
"52","2286","Adapalene 0.1% w/w and Benzoyl Peroxide 2.5% w/w Gel","15gm Lami Tube","23.44","Derma Care"
"53","633","Adapalene 0.1%w/w and Clindamycin Phosphate 1%w/w Gel","15 gm tubes","30","Dermatology/Topical/External"
"54","110","Adapalene Gel 0.1%w/w","15 gm tubes","27.19","Derma Care"
"55","772","Adenosine Injection IP 3mg per ml","2 ml","23.44","Cardiovascular System (CVS)"
"56","261","Adenosine Injection IP 6 mg per 2ml","2 ml","98.44","Cardiovascular System (CVS)"
"57","8125","Adhesive Surgical Paper Tape  Size 1.25cmx5m","1's","6.56","Surgical & Medical Consumables"
"58","8123","Adhesive Surgical Paper Tape  Size 5cmx5m","1's","24.38","Surgical & Medical Consumables"
"59","8124","Adhesive Surgical Paper Tape Size 2.5cmx5m","1's","12.19","Surgical & Medical Consumables"
"60","8151","Adhesive wound dressings, 25cm x 10cm","1's","18.75","Surgical & Medical Consumables"
"61","1898","Agomelatine Tablets 25 mg","10's","61.88","Central Nervous System (CNS)"
"62","178","Albendazole 400mg and Ivermectin 6mg Tablets","1's","6.81","Anthelmintic"
"63","177","Albendazole Oral Suspension IP 200 mg per 5ml","10 ml","7.5","Anthelmintic"
"64","1236","Albendazole Tablets IP 400mg","1's","3.4","Anthelmintic"
"65","5097","Alcohol Swab (Spirit Swab)","1's","1.03","Surgical & Medical Consumables"
"66","2226","Alendronate Sodium Tablets USP 70mg","4's","18.75","Ortho"
"67","522","Alfacalcidol Soft Gelatin Capsules 0.25 mcg","10's","20.63","Ortho"
"68","1855","Alfuzosin 10mg and Dutasteride 0.5mg Tablets","10's","56.25","Urology"
"69","1854","Alfuzosin Prolonged-release Tablets IP 10mg","10's","42.19","Urology"
"70","336","Allopurinol Tablets IP 100 mg","10's","10.31","Ortho"
"71","2222","Allopurinol Tablets IP 300 mg","10's","28.13","Respiratory"
"72","1257","Allylestrenol Tablets 5 mg","10's","30.94","Gynaecology"
"73","1960","Aloe Vera 10% W/W and Vitamin E 1% W/W Moisturising Cream","60 gm Tube","50","Derma Care"
"74","2287","Alogliptin 25mg Tablets","10's","0","Anti-Diabetic"
"75","2221","Alpha Ketoanalouge and Essential Amino Acid Tablets","10's","80","Anti-Diabetic"
"76","779","Alpha Lipolic Acid 100mg, Vitamin D3 1000IU, Folic Acid 1.5mg, Pyridoxine 3mg and Methylcobalamin1500mcg Tablets","10's","49.5","Supplement/Vitamin/Mineral"
"77","781","Alprazolam 0.25mg and Fluoxetine 20mg Tablets","10's","13.13","Central Nervous System (CNS)"
"78","1900","Alprazolam 0.25mg and Propranolol Hydrochloride 10mg Tablets","10's","14.06","Central Nervous System (CNS)"
"79","1899","Alprazolam 0.25mg and Propranolol Hydrochloride 20mg Tablets","10's","15","Central Nervous System (CNS)"
"80","1901","Alprazolam 0.5mg and Sertraline Hydrochloride 25mg Tablets","10's","23.44","Central Nervous System (CNS)"
"81","1902","Alprazolam 0.5mg and Sertraline Hydrochloride 50mg Tablets","10's","32.81","Central Nervous System (CNS)"
"82","313","Alprazolam Tablets IP 0.25 mg","10's","4.54","Central Nervous System (CNS)"
"83","314","Alprazolam Tablets IP 0.5 mg","10's","7.94","Central Nervous System (CNS)"
"84","1501","Amantadine Hydrochloride Capsules IP 100 mg","10's","46.88","Central Nervous System (CNS)"
"85","2501","Ambrisentan Tablets 10mg","10's","0","Cardiovascular System (CVS)"
"86","2502","Ambrisentan Tablets 5mg","10's","0","Cardiovascular System (CVS)"
"87","537","Ambroxol Hydrochloride 15 mg, Guaifenesin 50 mg and Levosalbutamol Sulphate 1 mg Syrup","100 ml Bottle","21.56","Respiratory"
"88","30","Amikacin Injection IP 100 mg per 2 ml","2 ml Vial","12","Antibiotics"
"89","31","Amikacin Injection IP 250 mg per 2 ml","2 ml Vial","20","Antibiotics"
"90","32","Amikacin Injection IP 500 mg per 2 ml","2 ml Vial","27.19","Antibiotics"
"91","1261","Amiloride 2.5mg and Hydrochlorothiazide 25mg Tablet IP","10's","14.06","Cardiovascular System (CVS)"
"92","1219","Amino Acid Solution for IV","200 ml Glass Bottle","247","Electrolytes"
"93","1502","Amiodarone Tablets IP 100 mg","10's","29.06","Cardiovascular System (CVS)"
"94","430","Amiodarone Tablets IP 200 mg","10's","55.31","Cardiovascular System (CVS)"
"95","2659","Amisulpride Sustained Release Tablets 100 mg","10's","0","Central Nervous System (CNS)"
"96","2660","Amisulpride Sustained Release Tablets 200 mg","10's","0","Central Nervous System (CNS)"
"97","2661","Amisulpride Sustained Release Tablets 300 mg","10's","0","Central Nervous System (CNS)"
"98","2662","Amisulpride Sustained Release Tablets 400 mg","10's","0","Central Nervous System (CNS)"
"99","1903","Amisulpride Tablets IP 100 mg","10's","37.5","Central Nervous System (CNS)"
"100","1904","Amisulpride Tablets IP 200 mg","10's","65.63","Central Nervous System (CNS)"
"101","2658","Amisulpride Tablets IP 25 mg","10's","0","Central Nervous System (CNS)"
"102","2223","Amisulpride Tablets IP 300mg","10's","75","Ortho"
"103","784","Amisulpride Tablets IP 50mg","10's","29.06","Central Nervous System (CNS)"
"104","1908","Amitriptyline Hydrochloride 25mg Chlordiazepoxide 10mg Tablets","10's","9.38","Central Nervous System (CNS)"
"105","786","Amitriptyline Hydrochloride Tablets IP 10mg","10's","6.81","Central Nervous System (CNS)"
"106","785","Amitriptyline Hydrochloride Tablets IP 25mg","15's","9.08","Central Nervous System (CNS)"
"107","1907","Amitriptyline Hydrochloride Tablets IP 5 mg","10's","0","Central Nervous System (CNS)"
"108","1906","Amitriptyline Hydrochloride Tablets IP 50 mg","10's","14.06","Central Nervous System (CNS)"
"109","1905","Amitriptyline Hydrochloride Tablets IP 75 mg","10's","18.75","Central Nervous System (CNS)"
"110","2786","Amlodipine + Enalapril Tablet (5/5 Mg)","10's","0","Cardiovascular System (CVS)"
"111","2787","Amlodipine + Indapamide Tablet (5/1.5 Mg)","10's","0","Cardiovascular System (CVS)"
"112","2227","Amlodipine 5 mg, Losartan Potassium 50 mg & Hydrochlorothiazide 12.5 mg Tablets","10's","23.44","Cardiovascular System (CVS)"
"113","263","Amlodipine 5mg and Atenolol 50mg Tablets IP","10's","7.22","Cardiovascular System (CVS)"
"114","446","Amlodipine 5mg and Hydrochlorothiazide 12.5mg Tablets","10's","17.02","Cardiovascular System (CVS)"
"115","285","Amlodipine 5mg and Lisinopril 5mg Tablets IP","15's","15","Cardiovascular System (CVS)"
"116","2228","Amlodipine 5mg and Perindopril 4mg Tablets","10's","28.13","Cardiovascular System (CVS)"
"117","1503","Amlodipine Besilate 5mg and Bisoprolol Fumarate 5mg Tablets","10's","18.56","Cardiovascular System (CVS)"
"118","2050","Amlodipine Tablet IP 10mg","10's","10.32","Cardiovascular System (CVS)"
"119","2490","Amlodipine Tablets IP 2.5mg","15's","3.75","Cardiovascular System (CVS)"
"120","264","Amlodipine Tablets IP 5mg","10's","5.68","Cardiovascular System (CVS)"
"121","1504","Amorolfine Cream 0.25% w/w","30 g","51.56","Anti-Fungal"
"122","2384","Amorolfine Nail Lacquer 5.0% w/w","2.5ml in Bottle","0","Dermatology/Topical/External"
"123","2229","Amorphous Hydrogel Wound Dressing with Colloidal Silver","10gm Lami Tube","0","Dermatology/Topical/External"
"124","1910","Amoxapine Tablets IP 100mg","10's","69.38","Central Nervous System (CNS)"
"125","1909","Amoxapine Tablets IP 50mg","10's","48.28","Central Nervous System (CNS)"
"126","1975","Amoxycillin 125Mg , Cloxacillin 125Mg And  Lactic Acid Bacillus 60   Million Spore Tablets","10's","0","Antibiotics"
"127","35","Amoxycillin 1g and Potassium Clavulanate 200mg Injection IP","Vial & Wfi","54.38","Antibiotics"
"128","1973","Amoxycillin 200Mg , Clavulanic Acid 28.5Mg  And Lactic Acid Bacillus 30 Million Spore Dry syrup","30 ml Bottle","0","Antibiotics"
"129","1971","Amoxycillin 200Mg , Clavulanic Acid 28.5Mg And Lactic Acid Bacillus 60 Million Spore Dry syrup","30 ml Bottle","30","Antibiotics"
"130","36","Amoxycillin 200mg and Potassium Clavulanate 28.5mg Oral Suspension IP per 5ml","30 ml","25.31","Antibiotics"
"131","40","Amoxycillin 250mg and Cloxacillin 250mg Capsules","10's","29.91","Antibiotics"
"132","401","Amoxycillin 250mg and Potassium Clavulanate 125mg Tablets IP","6's","45.39","Antibiotics"
"133","37","Amoxycillin 250mg and Potassium Clavulanate 50mg Injection IP","Vial & Wfi","26.25","Antibiotics"
"134","1974","Amoxycillin 250mg, Cloxacillin 250mg And Lactic Acid Bacillus 100 Million Spore Capsules","6's","0","Antibiotics"
"135","1976","Amoxycillin 250Mg, Dicloxacillin 250Mg And  Lactic Acid Bacillus 60  Million Spore Capsule","10's","32.82","Antibiotics"
"136","1507","Amoxycillin 250mg, Dicloxacillin 250mg and Lactic Acid Bacillus 2.5 billion Capsules","10's","45","Antibiotics"
"137","1505","Amoxycillin 400mg and Potassium Clavulanate 57mg Oral Suspension IP","30 ml","46.88","Antibiotics"
"138","38","Amoxycillin 500mg and Potassium Clavulanate 100mg Injection IP","Vial & Wfi","37.5","Antibiotics"
"139","39","Amoxycillin 500mg and Potassium Clavulanate 125mg Tablets IP","6's","57.85","Antibiotics"
"140","1972","Amoxycillin 500mg, Clavulanic Acid 125mg and Lactic Acid Bacillus 60 Million Spores Tablets","10's","93.75","Antibiotics"
"141","1506","Amoxycillin 80mg and Potassium Clavulanate 11.4mg Oral Suspension IP","10 ml","32.81","Antibiotics"
"142","402","Amoxycillin 875mg and Potassium Clavulanate 125mg Tablets IP","6's","72.19","Antibiotics"
"143","44","Amoxycillin Capsules IP 250mg","10's","13.13","Antibiotics"
"144","45","Amoxycillin Capsules IP 500mg","10's","36.09","Antibiotics"
"145","43","Amoxycillin Oral Suspension IP 125mg per 5ml","60 ml","17.81","Antibiotics"
"146","42","Amoxycillin Trihydrate Dispersible Tablets IP 125 mg","10's","11.25","Antibiotics"
"147","1508","Ampicillin 250mg and Cloxacillin 250mg Capsules","10's","28.13","Antibiotics"
"148","1509","Ampicillin 250mg and Di-Cloxacillin 250mg Capsules","10's","42.19","Antibiotics"
"149","1263","Ampicillin Capsules IP 500 mg","10's","37.5","Antibiotics"
"150","46","Ampicillin Injection IP 500 mg","Vial","7.22","Antibiotics"
"151","788","Anastrozole Tablets IP 1mg","10's","73.13","Oncology"
"152","9067","Ankle binder Support (Large)","One in Mono-Carton","0","Surgical & Medical Consumables"
"153","9066","Ankle binder Support (Medium)","One in Mono-Carton","0","Surgical & Medical Consumables"
"154","9020","Anklet (Tubular Support) (Extra Large)","Pair in Mono-Pack","155","Surgical & Medical Consumables"
"155","9019","Anklet (Tubular Support) (Large)","Pair in Mono-Pack","155","Surgical & Medical Consumables"
"156","9018","Anklet (Tubular Support) (Medium)","Pair in Mono-Pack","150","Surgical & Medical Consumables"
"157","9017","Anklet (Tubular Support) (Small)","Pair in Mono-Pack","150","Surgical & Medical Consumables"
"158","1510","Anti-D (Rho) Immunoglobulin (Monoclonal) 300 mcg","1 ml Vial","0","Gynaecology"
"159","1511","Antioxidant Capsules","30's","60.94","Supplement/Vitamin/Mineral"
"160","2385","Apixaban Tablets 2.5mg","10's","18.75","Anticoagulant"
"161","2386","Apixaban Tablets 5mg","10's","32.81","Anticoagulant"
"162","1512","Apremilast Tablets IP 10mg","10's","75","Derma Care"
"163","1513","Apremilast Tablets IP 20mg","10's","93.75","Derma Care"
"164","1514","Apremilast Tablets IP 30mg","10's","129.38","Derma Care"
"165","1912","Aripiprazole Tablets IP 10 mg","10's","23.44","Central Nervous System (CNS)"
"166","1913","Aripiprazole Tablets IP 15 mg","10's","32.81","Central Nervous System (CNS)"
"167","1911","Aripiprazole Tablets IP 2.5 mg","10's","9.38","Central Nervous System (CNS)"
"168","1914","Aripiprazole Tablets IP 20 mg","10's","42.19","Central Nervous System (CNS)"
"169","1916","Aripiprazole Tablets IP 30 mg","10's","28.13","Central Nervous System (CNS)"
"170","1125","Aripiprazole Tablets IP 5mg","10's","13.13","Central Nervous System (CNS)"
"171","1915","Aripiprazole Tablets IP 7.5 mg","10's","21.56","Central Nervous System (CNS)"
"172","8153","Arm Sling Pouch (Large), Grey","1's","130","Surgical & Medical Consumables"
"173","8154","Arm Sling Pouch (Medium), Grey","1's","130","Surgical & Medical Consumables"
"174","2289","Armodafinil 150mg Tablets","10's","121.88","Central Nervous System (CNS)"
"175","2288","Armodafinil 50mg Tablets","10's","0","Central Nervous System (CNS)"
"176","1890","Arteether Injection 75mg per ml","1ml Ampoule","9.38","Anti-Malarial"
"177","1222","Artemether 80mg and Lumefantrine 480mg Tablets","6's","28.13","Anti-Malarial"
"178","1892","Artesunate 200mg Tablets, Sulfadoxine 500mg and Pyrimethamine 25mg Tablets IP Combi kit","KIT","42.19","Anti-Malarial"
"179","1889","Artesunate Injection IP 120mg","Vial with Diluent","46.88","Anti-Malarial"
"180","373","Artesunate Injection IP 60 mg","1 vial","21.56","Anti-Malarial"
"181","2376","Ashwagandha Tablets 250 mg","60's in Bottle","50","Ayurvedic"
"182","790","Aspirin Enteric Coated Tablets IP 75mg","14's","2.81","Cardiovascular System (CVS)"
"183","1392","Aspirin Gastro Resistant 75mg and Rosuvastatin 10mg Capsules IP","10's","38.16","Cardiovascular System (CVS)"
"184","796","Aspirin Gastro-resistant 75mg and Atorvastatin 10mg Capsules IP","10's","16.5","Cardiovascular System (CVS)"
"185","5","Aspirin Gastro-resistant Tablets IP 150 mg","14's","5.16","Analgesic/Antipyretic/Anti-Inflammatory"
"186","2032","Atazanavir 300mg and Ritonavir 100mg Tablets IP","30's Bottle","768.75","Anti-Retroviral"
"187","2789","Atenolol + Chlorthalidone Tablet (25/12.5 Mg)","10's","0","Cardiovascular System (CVS)"
"188","2790","Atenolol + Chlorthalidone Tablet (50/12.5 Mg)","10's","0","Cardiovascular System (CVS)"
"189","2791","Atenolol + Indapamide Tablet (50/2.5 Mg)","10's","0","Cardiovascular System (CVS)"
"190","2792","Atenolol + Losartan Tablet (50/50 Mg)","10's","0","Cardiovascular System (CVS)"
"191","2793","Atenolol + Nifedipine Tablet (50/20 Mg)","10's","0","Cardiovascular System (CVS)"
"192","791","Atenolol 25mg and Amlodipine 5mg Tablets IP","14's","15","Cardiovascular System (CVS)"
"193","793","Atenolol Tablets IP 25mg","14's","6.19","Cardiovascular System (CVS)"
"194","265","Atenolol Tablets IP 50 mg","14's","6.81","Cardiovascular System (CVS)"
"195","2794","Atomoxetine Tablet (10 Mg)","10's","0","Central Nervous System (CNS)"
"196","2387","Atorvastatin (10mg) + Aspirin (75mg) + Ramipril (5mg) Capsule","10's","0","Cardiovascular System (CVS)"
"197","2388","Atorvastatin (10mg) + Fenofibrate (160mg) + Ezetimibe (10mg) Tablets","10's","0","Cardiovascular System (CVS)"
"198","2389","Atorvastatin 10mg + Ezetimibe 10mg Tablets","10's","23.44","Cardiovascular System (CVS)"
"199","1515","Atorvastatin 10mg and Aspirin 150mg Capsules","15's","24.38","Cardiovascular System (CVS)"
"200","2052","Atorvastatin 10mg And Cholecalciferol 1000 IU Tablet","10's","18.75","Cardiovascular System (CVS)"
"201","420","Atorvastatin 10mg and Clopidogrel 75mg Capsules","10's","39.7","Cardiovascular System (CVS)"
"202","429","Atorvastatin 10mg and Fenofibrate 160mg Tablets IP","15's","30.94","Cardiovascular System (CVS)"
"203","2072","Atorvastatin 10mg, Aspirin 75mg and Clopidogrel 75mg Capsules","10's","35.63","Cardiovascular System (CVS)"
"204","2390","Atorvastatin 20mg + Ezetimibe 10mg Tablets","10's","28.13","Cardiovascular System (CVS)"
"205","2073","Atorvastatin 20mg and Aspirin 150mg Capsules IP","10's","18.75","Cardiovascular System (CVS)"
"206","2074","Atorvastatin 20mg and Aspirin 75mg Capsules IP","10's","17.34","Cardiovascular System (CVS)"
"207","1516","Atorvastatin 20mg and Clopidogrel 75mg Capsules","10's","39.7","Cardiovascular System (CVS)"
"208","1517","Atorvastatin 20mg, Clopidogrel 75mg and Aspirin 75mg Capsules","10's","45.38","Cardiovascular System (CVS)"
"209","266","Atorvastatin Tablets IP 10mg","10's","9.08","Cardiovascular System (CVS)"
"210","267","Atorvastatin Tablets IP 20mg","10's","12.47","Cardiovascular System (CVS)"
"211","456","Atorvastatin Tablets IP 40 mg","10's","22.69","Cardiovascular System (CVS)"
"212","2076","Atorvastatin Tablets IP 5mg","10's","10.32","Cardiovascular System (CVS)"
"213","2148","Atorvastatin Tablets IP 80mg","10's","32.81","Cardiovascular System (CVS)"
"214","797","Atracurium Besylate Injection I.P 25mg per 2.5ml","2.5 ML","22.03","Anaesthetics"
"215","338","Atropine Sulphate Injection IP 0.6mg per ml","1 ml","2","Cardiovascular System (CVS)"
"216","8087","Automatic Snap-Out Folding Walking Cane Stick with Adjustable Length","1's","0","Surgical & Medical Consumables"
"217","412","Azathioprine Tablets IP 50 mg","10's","45","Immunosuppressant"
"218","2391","Azelaic acid 10% w/w and Benzoic acid 0.2% w/w (as preservative) Cream","15gm Lami-Tube in Monopack","37.5","Derma Care"
"219","2795","Azelaic Acid 20% Cream","15GM","0","Dermatology/Topical/External"
"220","558","Azelastine Hydrochloride 140mcg and Fluticasone Propionate 50mcg Nasal Spray","70 MD","178.13","Respiratory"
"221","2393","Azelnidipine 8mg + Telmisartan 40mg Tablets","10's","42.19","Cardiovascular System (CVS)"
"222","2392","Azelnidipine Tablets IP 16mg","10's","46.88","Cardiovascular System (CVS)"
"223","2394","Azelnidipine Tablets IP 8mg","10's","28.13","Cardiovascular System (CVS)"
"224","1518","Azilsartan 40mg and Chlorthalidone 6.25mg Tablet","10's","60.94","Cardiovascular System (CVS)"
"225","1519","Azilsartan Medoxomil 40mg and Chlorthalidone 12.5mg Tablets","10's","68.44","Cardiovascular System (CVS)"
"226","2504","Azilsartan Medoxomil Tablets 20mg","10's","0","Cardiovascular System (CVS)"
"227","2505","Azilsartan Medoxomil Tablets 80mg","10's","103.13","Cardiovascular System (CVS)"
"228","1520","Azilsartan Medoxomil Tablets IP 40mg","10's","60","Cardiovascular System (CVS)"
"229","48","Azithromycin Dispersible Tablets 100mg","10's","25.31","Antibiotics"
"230","1875","Azithromycin Eye Drops 1% w/v","3ml Drops","28.13","Opthalmic/Otic"
"231","47","Azithromycin Oral Suspension IP 100mg per 5ml","15 ml","14.06","Antibiotics"
"232","1521","Azithromycin Oral Suspension IP 200 mg","15 ml","20.63","Antibiotics"
"233","18","Azithromycin Tablets IP 250 mg","6's","42.19","Antibiotics"
"234","72","Azithromycin Tablets IP 500 mg","3's","39.38","Antibiotics"
"235","8146","Baby Feeding Bottle 250 ml","1's mono-carton","42.19","Surgical & Medical Consumables"
"236","8155","Baby Wipes (Pack of 20 wipes)","Pack of 20 wipes","45","Surgical & Medical Consumables"
"237","468","Bacillus Clausii Spores Suspension 2 Billion per 5ml","5 ML","14.06","Gastrointestinal (GIT)"
"238","800","Bacitracin 250 IU, Neomycin 5mg, Sulphacetamide 60mg Dusting Powder","10 gm Powder","23.44","Dermatology/Topical/External"
"239","1992","Bacitracin 400 IU, Neomycin 3400 IU and Polymyxin B 5000 IU Opthalmic Ointment","10 gm Tube","48.75","Opthalmic/Otic"
"240","2290","Baclofen 20mg Extended Release (Gastric Retentive System) Tablets","10's","30","Analgesic/Antipyretic/Anti-Inflammatory"
"241","518","Baclofen Tablets IP 10 mg","10's","12.1","Analgesic/Antipyretic/Anti-Inflammatory"
"242","2395","Baricitinib Tablets 4mg","7's","0","Covid-19"
"243","1523","Beclomethasone 0.025%w/v and Clotrimazole 1%w/v Lotion","30 ml","28.13","Dermatology/Topical/External"
"244","1522","Beclomethasone 0.025%w/w and Clotrimazole 1%w/w Cream","20 g","23.44","Dermatology/Topical/External"
"245","113","Beclomethasone 0.025%w/w and Neomycin 0.5%w/w Cream","15g tube","10.31","Dermatology/Topical/External"
"246","112","Beclomethasone Dipropionate 0.025%w/w, Clotrimazole 1%w/w and Gentamicin Sulphate 0.1%w/w Cream","15 g tubes","20.63","Dermatology/Topical/External"
"247","2152","Beclomethasone Dipropionate 100mcg Rotacaps IP","30's in Plastic container","0","Respiratory"
"248","2151","Beclomethasone Dipropionate Inhalation IP 100mcg","200 MDI","124.69","Respiratory"
"249","2150","Beclomethasone Dipropionate Inhalation IP 200mcg","200 MDI","140.63","Respiratory"
"250","2153","Beclomethasone Dipropionate Rotacaps 200mcg","30's in Plastic container with monocarton","66.43","Dermatology/Topical/External"
"251","2154","Beclomethasone Dipropionate Rotacaps 400mcg","30's in Plastic container with monocarton","67.94","Dermatology/Topical/External"
"252","8156","Bed Bath Towel","1's","55","Surgical & Medical Consumables"
"253","2277","Bempedoic Acid Tablets 180mg","10's","112.5","Cardiovascular System (CVS)"
"254","2291","Benazepril 5mg Tablets","10's","42.19","Cardiovascular System (CVS)"
"255","2396","Benedipine (4mg) + Telmisartan (40mg) + Chlorthalidone (6.25mg) Tablets","10's","42.19","Cardiovascular System (CVS)"
"256","2796","Benidipine + Telmisartan Tablet (4/40 Mg)","15's","0","Cardiovascular System (CVS)"
"257","2292","Benidipine 8mg Tablets","10's","23.44","Cardiovascular System (CVS)"
"258","2155","Benidipine Hydrochloride Tablets 4mg","10's","14.06","Cardiovascular System (CVS)"
"259","2506","Benzoic acid 6% w/w and Salicylic acid 3% w/w IP Ointment","15g in Mono-carton","12.19","Dermatology/Topical/External"
"260","2797","Benzoyl Peroxide 5% Soap","75GM","0","Dermatology/Topical/External"
"261","2798","Benzoyl Peroxide Gel 5%","15GM","0","Dermatology/Topical/External"
"262","2077","Benzoyl Peroxide Gel IP 2.5% w/w","20gm Tube","20.63","Derma Care"
"263","1524","Bepotastine Besilate  Tablets 10mg","10's","60.94","Anti-Histaminic"
"264","1525","Betahistine Tablets IP 16 mg","15's","16.5","Central Nervous System (CNS)"
"265","1526","Betahistine Tablets IP 24 mg","15's","22.5","Central Nervous System (CNS)"
"266","316","Betahistine Tablets IP 8 mg","10's","9.08","Central Nervous System (CNS)"
"267","1162","Betamethasone Cream IP 0.1 % w/w","20 gm","9.28","Dermatology/Topical/External"
"268","608","Betamethasone Dipropionate 0.05% w/w and Salicylic Acid 3% w/w Ointment","20 gm","15.94","Dermatology/Topical/External"
"269","804","Betamethasone Injection IP 4 mg per ml","1 ml","2.81","Steroids & Hormones"
"270","2507","Betamethasone Sodium Phosphate 0.1% w/v and Neomycin Sulphate 0.5% w/v Eye/Ear Drops","5ml in Mono-carton","0","Opthalmic/Otic"
"271","2508","Betamethasone Sodium Phosphate 0.1% w/v and Ofloxacin 0.3% w/v Eye/Ear Drops","10ml in Mono-carton","0","Opthalmic/Otic"
"272","501","Betamethasone Sodium Phosphate Tablets IP 0.5 mg","20's","8.25","Steroids & Hormones"
"273","461","Betamethasone Valerate 0.1%w/w and Neomycin Sulfate 0.5%w/w Cream","20 gm","16.5","Dermatology/Topical/External"
"274","462","Betamethasone Valerate 0.12%w/w and Clioquinol 3%w/w Cream","30 GM","32.81","Dermatology/Topical/External"
"275","1527","Betamethasone Valerate 0.12%w/w, Gentamicin 0.1%w/w and Miconazole Nitrate 2%w/w Cream","20 g","15","Dermatology/Topical/External"
"276","1876","Betaxolol Eye Drops IP 0.5% w/v","5ml Drops","18.75","Opthalmic/Otic"
"277","2397","Bethanechol Chloride 25mg Tablets","10's","87.19","Urology"
"278","806","Bicalutamide Tablets IP 50mg","10's","128.44","Oncology"
"279","2078","Bifonazole IP 1% w/w Cream","30gm Lami Tube","37.5","Dermatology/Topical/External"
"280","2509","Bilastine 10mg and Montelukast 4mg Orodispersible Tablets","10's","35.63","Respiratory"
"281","2156","Bilastine 20mg Montelukast 10mg Tablets","10's","46.88","Respiratory"
"282","1528","Bilastine Tablets 20 mg","10's","32.81","Anti-Histaminic"
"283","2025","Bimatoprost 0.03% w/v and Timolol 0.5% w/v Ophthalmic Solution","5ml Drops","159.38","Opthalmic/Otic"
"284","1529","Bimatoprost Ophthalmic Solution 0.01% w/v","3 ml","0","Opthalmic/Otic"
"285","1530","Bimatoprost Ophthalmic Solution 0.03% w/v","3 ml","159.38","Opthalmic/Otic"
"286","673","Biotin Tablets 10mg","10's","31.88","Supplement/Vitamin/Mineral"
"287","1964","Biphasic Insulin Lispro Injection IP 100IU per ml (25:75)","3ml Pre-Filled Cartridge","0","Anti-Diabetic"
"288","362","Biphasic Isophane Insulin Injection IP (50:50) 40 IU per ml","10 ML VIAL","96.8","Anti-Diabetic"
"289","807","Biphasic Isophane Insulin Injection IP 100 IU/ml (30:70 ) (30% Soluble Insulin and 70% Isophane Insu","3 ml Catridge","181.5","Anti-Diabetic"
"290","2079","Bisacodyl Suppositories IP 10mg","5's","23.44","Gastrointestinal (GIT)"
"291","2253","Bisacodyl Suppositories IP 5mg","5's","0","Gastrointestinal (GIT)"
"292","180","Bisacodyl Tablets IP 5mg","10's","6.19","Gastrointestinal (GIT)"
"293","2080","Bisoprolol 5mg and Hydrochlorothiazide 12.5mg Tablets","10's","18.75","Cardiovascular System (CVS)"
"294","453","Bisoprolol 5mg and Hydrochlorothiazide 6.25mg Tablets IP","10's","15.47","Cardiovascular System (CVS)"
"295","1531","Bisoprolol Fumarate Tablets 2.5 mg","10's","11.34","Cardiovascular System (CVS)"
"296","423","Bisoprolol Tablets 5 mg","10's","15.47","Cardiovascular System (CVS)"
"297","152","Bleomycin Injection IP 15 IU","Vial","300","Oncology"
"298","6042","Blood Transfusion Set with Filter 170 Micron","1's","16.88","Surgical & Medical Consumables"
"299","5071","Bone Wax, Sterilised","1's","45","Surgical & Medical Consumables"
"300","2399","Bortezomib 2.5mg powder for Injection","Vial with WFI","0","Oncology"
"301","2398","Bortezomib 2mg powder for Injection","Vial with WFI","665.63","Oncology"
"302","809","Bortezomib Injection IP 3.5 mg","Vial","928.13","Oncology"
"303","2293","Bosentan 62.5mg Tablets","10's","351.56","Cardiovascular System (CVS)"
"304","8135","Breathing Exerciser (3 Chambers)","1's Monopack","150","Surgical & Medical Consumables"
"305","1533","Brimonidine Tartrate 0.2%w/v and Timolol Maleate 0.5%w/v Ophthalmic Solution","5 ml","46.88","Opthalmic/Otic"
"306","1534","Brimonidine Tartrate Eye drops IP 0.1% w/v","5 ml","18.75","Opthalmic/Otic"
"307","2294","Brinzolamide 10mg and Brimonidine 2mg Ophthalmic Suspension 5ml","5ml in Mono Carton","0","Opthalmic/Otic"
"308","1877","Brinzolamide Ophthalmic Suspension IP 1% w/v","5ml Drops","37.5","Opthalmic/Otic"
"309","2295","Brivaracetam Tablets IP 50mg","10's","79.69","Central Nervous System (CNS)"
"310","1878","Bromfenac 0.09% w/v and Moxifloxacin 0.5% w/v Eye Drops","5ml Drops","42.19","Opthalmic/Otic"
"311","811","Bromfenac Sodium Eye Drop 0.09%w/v","5 ml","61.88","Opthalmic/Otic"
"312","625","Bromhexine Hydrochloride 8mg and Phenylephrine Hydrochloride 5mg Tablets","15's","11.25","Respiratory"
"313","1919","Bromocriptine Mesylate Tablets IP 1.25 mg","10's","32.81","Central Nervous System (CNS)"
"314","812","Bromocriptine Mesylate Tablets IP 2.5mg","10's","82.5","Central Nervous System (CNS)"
"315","2663","Budesonide 160 mcg and Formoterol 4.5mcg Inhalation Powder","60 doses in MDI inhaler","0","Respiratory"
"316","236","Budesonide Inhalation IP 100mcg","200 MDI","115.31","Respiratory"
"317","238","Budesonide Inhalation IP 200mcg","200 md","150","Respiratory"
"318","235","Budesonide Nebuliser Suspension 1mg per 2ml","2 ml","12.8","Respiratory"
"319","2145","Budesonide Powder for Inhalation IP 400mcg (Rotacaps)","30's","102.54","Respiratory"
"320","352","Bupivacaine Hydrochloride Injection IP 5 mg per ml","20 ml","36.56","Anaesthetics"
"321","1920","Bupropion Prolonged-release Tablets IP 150 mg","10's","42.19","Central Nervous System (CNS)"
"322","2799","Buspirone Tablet (10 Mg)","10's","0","Central Nervous System (CNS)"
"323","2800","Buspirone Tablet (5 Mg)","10's","0","Central Nervous System (CNS)"
"324","814","Cabergoline Tablets IP 0.5mg","4's","159.38","Gynaecology"
"325","2664","Cabozantinib Tablets 20 mg","30's bottle","1453.13","Oncology"
"326","2665","Cabozantinib Tablets 40 mg","30's bottle","2296.88","Oncology"
"327","2666","Cabozantinib Tablets 60 mg","30's bottle","3562.5","Oncology"
"328","2400","Caffeine (30mg) + Diphenhydramine (25mg) + Paracetamol (500mg) + Phenylephrine (5mg) Tablets","10's","9.38","Respiratory"
"329","2254","Caffeine Citrate Injection 20mg/ml","2ml vial","93.75","Cardiovascular System (CVS)"
"330","2511","Calamine 8% w/w, Aloe Vera Gel 10% w/w, Light Liquid Paraffin 10% w/w Lotion","100ml","56.25","Dermatology/Topical/External"
"331","115","Calamine Lotion IP","100 ml","26.25","Derma Care"
"332","2081","Calcipotriol 0.005% and Clobetasol Propionate 0.05 % Ointment","15gm Lami-tube","170.63","Dermatology/Topical/External"
"333","1536","Calcitriol 0.25mcg and Calcium 200mg Capsules","15's","32.81","Supplement/Vitamin/Mineral"
"334","2296","Calcitriol 0.25mcg, Calcium Carbonate 500mg, Vitamin K27 45mcg, Methylcobalamin 1500mcg, Zinc 7.5mg, Magnesium 50mg and L- Methylfolate 800mcg Capsules","10's","46.88","Supplement/Vitamin/Mineral"
"335","815","Calcitriol Capsules IP 0.25mcg","10's","27.84","Supplement/Vitamin/Mineral"
"336","2297","Calcium (Calcium Carbonate) 1250mg, Vitamin D3 2000 IU, Mecobalamin (Vitamin B12) 1500mcg, L-Methylfolate Calcium (Vitamin B9) 1mg, Pyridoxal-5-Phosphate (Vitamin B6) 20mg Tablets","10's","37.5","Supplement/Vitamin/Mineral"
"337","1540","Calcium (from Coral Grains) 500mg and Vitamin D-3 500IU Tablets","10's","28.13","Supplement/Vitamin/Mineral"
"338","1541","Calcium 1250mg, Calcitriol 0.25mcg and Vitamin K2-7 45mcg Capsules","10's","51.57","Supplement/Vitamin/Mineral"
"339","589","Calcium 500mg and Calcitriol 0.25mcg Tablets","15's","16.88","Supplement/Vitamin/Mineral"
"340","220","Calcium 500mg and Vitamin D3 250IU Tablets IP","10's","7.94","Supplement/Vitamin/Mineral"
"341","2003","Calcium 500mg and Vitamin D3 500IU Tablets IP","10's","8.25","Supplement/Vitamin/Mineral"
"342","816","Calcium Acetate Tablets 667mg","10's","26.25","Supplement/Vitamin/Mineral"
"343","1537","Calcium and Vitamin D3 Capsules","10's","34.03","Supplement/Vitamin/Mineral"
"344","2512","Calcium aspartate (500mg), Calcium Orotate (500mg), Calcitriol (0.25mcg), Minerals and Vitamins Tablets","10's","56.25","Supplement/Vitamin/Mineral"
"345","817","Calcium Carbonate 1250mg, Vitamin D3 250IU, Magnesium Oxide 40mg, Manganese Sulphate 1.8mg and Zinc 7.5mg Tablets","10's","14.75","Supplement/Vitamin/Mineral"
"346","581","Calcium Carbonate 500mg, Calcitriol 0.25mcg and Zinc 7.5mg Capsules","10's","20.42","Supplement/Vitamin/Mineral"
"347","2298","Calcium Citrate 1000mg, Magnesium 100mg, Zinc 4mg and Vitamin D3 200 IU Tablets","10's","14.06","Supplement/Vitamin/Mineral"
"348","2513","Calcium Citrate and Vitamin D3 Chewable Tablets","30's in container","32.81","Supplement/Vitamin/Mineral"
"349","2083","Calcium Citrate Malate 250mg , Vitamin D3 100IU and Folic Acid 50mcg Tablets","10's","18.75","Supplement/Vitamin/Mineral"
"350","1538","Calcium Citrate Malate 250mg, Calcitriol 0.25mcg and Vitamin K2-7 50mcg Tablets","10's","37.5","Supplement/Vitamin/Mineral"
"351","2082","Calcium Dobesilate Monohydrate Capsules 500mg","10's","37.5","Ortho"
"352","818","Calcium Gluconate Injection IP 10 % w/v","10 ml","4.69","Supplement/Vitamin/Mineral"
"353","2158","Calcium Pantothenate 100mg Tablets IP","10's","14.06","Ortho"
"354","1252","Calcium Phosphate 82mg, Vitamin D3 200IU and Vitamin B12 2.5mcg Suspension","200 ml","33.75","Supplement/Vitamin/Mineral"
"355","1762","Calcium Polystyrene Sulphonate Powder 15g per sachet","15 gm","41.25","Supplement/Vitamin/Mineral"
"356","1542","Calcium, Magnesium, zinc and Vitamin D-3 Oral Suspension","200 ml","35.63","Supplement/Vitamin/Mineral"
"357","1543","Camylofin Dihydrochloride 25mg and Paracetamol 300mg Tablets","10's","18.75","Analgesic/Antipyretic/Anti-Inflammatory"
"358","1479","Canagliflozin Tablets 100 mg","10's","174.38","Anti-Diabetic"
"359","1435","Capecitabine Tablets IP 500mg","10's","234.38","Oncology"
"360","2084","Carbamazepine Prolonged release Tablets IP 400mg","10's","24.47","Central Nervous System (CNS)"
"361","1152","Carbamazepine Prolonged-release Tablets IP 200mg","10's","14.06","Central Nervous System (CNS)"
"362","317","Carbamazepine Tablets IP 100 mg","10's","7.5","Central Nervous System (CNS)"
"363","2801","Carbetocin Injection 100mcg /ml","1ML","0","Gynaecology"
"364","2085","Carbidopa 10mg and Levodopa 100mg Tablets IP","10's","0","Central Nervous System (CNS)"
"365","505","Carbimazole Tablets IP 10 mg","100's","72.19","Anti-Thyroid"
"366","2401","Carbimazole Tablets IP 20mg","100's in Amber Coloured Glass Bottle","0","Anti-Thyroid"
"367","507","Carbimazole Tablets IP 5 mg","10's","10.31","Anti-Thyroid"
"368","1668","Carbonyl Iron 100mg, Folic Acid 1.5mg and Vitamin B12 15mcg with Zinc Capsules","10's","14.06","Supplement/Vitamin/Mineral"
"369","1223","Carbonyl Iron 50mg, Folic Acid 0.5mg and Zinc 61.8mg Capsules","15's","22.69","Supplement/Vitamin/Mineral"
"370","1181","Carboplatin Injection IP 150mg","15 ml Vial","386.72","Oncology"
"371","1182","Carboplatin Injection IP 450mg","45 ml Vial","1600.31","Oncology"
"372","1999","Carboprost Injection 125mcg","0.5ml Ampoule","45.94","Gynaecology"
"373","1545","Carboxymethlycellulose Eye drops IP 1% w/v","10 ml","28.13","Opthalmic/Otic"
"374","341","Carboxymethylcellulose Sodium Eye Drops IP 0.5% w/v","10 ml","27.23","Opthalmic/Otic"
"375","2086","Carica papaya leaf Extract 1100mg, Goat Milk 250mg and Tinospora Cordifolia 250mg Extract Tablets","10's","0","Supplement/Vitamin/Mineral"
"376","2667","Cariprazine Capsules 1.5 mg","10's","50.63","Central Nervous System (CNS)"
"377","2668","Cariprazine Capsules 3 mg","10's","81.56","Central Nervous System (CNS)"
"378","2669","Cariprazine Capsules 4.5 mg","10's","0","Central Nervous System (CNS)"
"379","2670","Cariprazine Capsules 6 mg","10's","0","Central Nervous System (CNS)"
"380","2088","Carvedilol Phosphate Extended Release Tablets 10mg","10's","15.94","Cardiovascular System (CVS)"
"381","2089","Carvedilol Phosphate Extended Release Tablets 20mg","10's","23.44","Cardiovascular System (CVS)"
"382","2090","Carvedilol Tablets IP 12.5 mg","10's","14.06","Cardiovascular System (CVS)"
"383","424","Carvedilol Tablets IP 3.125 mg","10's","7.94","Cardiovascular System (CVS)"
"384","821","Carvedilol Tablets IP 6.25mg","10's","7.94","Cardiovascular System (CVS)"
"385","1241","Cefaclor Dispersible Tablets 250 mg","10's","168.75","Antibiotics"
"386","51","Cefadroxil Dispersible Tablets 250mg","10's","17.53","Antibiotics"
"387","2402","Cefadroxil Oral Suspension IP 125mg per 5ml (dry syrup)","30ml","0","Antibiotics"
"388","52","Cefadroxil Tablets IP 500 mg","10's","22.69","Antibiotics"
"389","2673","Cefazolin Sodium Injection IP 1g","Vial with WFI","0","Antibiotics"
"390","2671","Cefazolin Sodium Injection IP 250 mg","Vial with WFI","0","Antibiotics"
"391","2672","Cefazolin Sodium Injection IP 500 mg","Vial with WFI","0","Antibiotics"
"392","1978","Cefdinir Capsule IP 300mg","10's","140.63","Antibiotics"
"393","1979","Cefdinir Oral Suspension IP 125mg per 5ml","30ml with Water for Reconstitution","58.13","Antibiotics"
"394","2871","Cefepime 1000Mg and Tazobactam 125Mg Injection","1.0 Injection in 1 vial","0","Antibiotics"
"395","2870","Cefepime 250 Mg Inection","1.0 Injection in 1 vial","0","Antibiotics"
"396","1982","Cefixime 100Mg And  Clavulanic Acid  62.5 Mg Tablets","10's","65.63","Antibiotics"
"397","2514","Cefixime 200 mg, Cloxacillin 500 mg (ER) and Lactic Acid Bacillus Tablets","10's","96.56","Antibiotics"
"398","381","Cefixime 200mg and Ofloxacin 200mg Tablets","10's","52.18","Antibiotics"
"399","385","Cefixime 200mg and Potassium Clavulanate 125mg Tablets","10's","120","Antibiotics"
"400","1981","Cefixime 50Mg  And  Clavulanic Acid  31.25 Mg Dry syrup","30ml with Water for Reconstitution","37.5","Antibiotics"
"401","1548","Cefixime Oral Suspension IP 100 mg per 5ml","30 ml","30","Antibiotics"
"402","1549","Cefixime Oral Suspension IP 25 mg per ml","10 ml","20.63","Antibiotics"
"403","53","Cefixime Oral Suspension IP 50mg per 5ml","30 ml","18.75","Antibiotics"
"404","54","Cefixime Tablets IP 100 mg","10's","28.88","Antibiotics"
"405","55","Cefixime Tablets IP 200 mg","10's","52.55","Antibiotics"
"406","56","Cefoperazone 1g and Sulbactam 1g Injection","Vial & Wfi","82.5","Antibiotics"
"407","1551","Cefoperazone 1g and Sulbactam 500mg Injection","1 Vial","60.94","Antibiotics"
"408","1552","Cefoperazone 2g and Sulbactam 1g Injection","1 Vial","107.81","Antibiotics"
"409","57","Cefoperazone 500mg and Sulbactam 500mg Injection","Vial & Wfi","46.88","Antibiotics"
"410","58","Cefoperazone Injection IP 1 g","Vial & Wfi","43.13","Antibiotics"
"411","59","Cefotaxime Sodium 1g and Sulbactam Sodium 500mg Injection","Vial & Wfi","26.25","Antibiotics"
"412","60","Cefotaxime Sodium 250mg and Sulbactam Sodium 125mg Injection","Vial & Wfi","11.34","Antibiotics"
"413","61","Cefotaxime Sodium 500mg and Sulbactam Sodium 250mg Injection","Vial & Wfi","17.81","Antibiotics"
"414","62","Cefotaxime Sodium Injection IP 1g","Vial & Wfi","17.81","Antibiotics"
"415","63","Cefotaxime Sodium Injection IP 250 mg","Vial & Wfi","9.38","Antibiotics"
"416","64","Cefotaxime Sodium Injection IP 500 mg","Vial & Wfi","11.25","Antibiotics"
"417","2159","Cefpodoxime 200mg and Ofloxacin 200mg Tablets","10's","100.31","Antibiotics"
"418","383","Cefpodoxime 200mg and Potassium Clavulanate 125mg Tablets","6's","74.25","Antibiotics"
"419","1553","Cefpodoxime Oral Suspension IP 100mg","30 ml","37.5","Antibiotics"
"420","65","Cefpodoxime Proxetil Dispersible Tablets 100 mg","10's","37.5","Antibiotics"
"421","741","Cefpodoxime Proxetil Dispersible Tablets 50 mg","10's","27.19","Antibiotics"
"422","1437","Cefpodoxime Proxetil Oral Suspension IP 50mg","30 ml","28.13","Antibiotics"
"423","66","Cefpodoxime Tablets IP 200 mg","10's","72.19","Antibiotics"
"424","1984","Cefprozil Oral Suspension 125mg per 5ml","30ml","51.56","Antibiotics"
"425","1985","Cefprozil Oral Suspension 250mg per 5ml","30ml","93.75","Antibiotics"
"426","1987","Cefprozil Tablet 250 mg","10's","140.63","Antibiotics"
"427","1986","Cefprozil Tablet 500 mg","6's","168.75","Antibiotics"
"428","1990","Ceftazidime 1000 mg And Tazobactum 125 mg Injection","Vial with WFI","84.38","Antibiotics"
"429","1989","Ceftazidime 250mg And  Tazobactum 31.25mg Injection","Vial & Wfi","32.81","Antibiotics"
"430","2403","Ceftazidime 2gm and Avibactam 0.5gm for Concentrate for Solution for Infusion","Vial with WFI","1171.88","Antibiotics"
"431","67","Ceftazidime Injection IP 1g","Vial & Wfi","75","Antibiotics"
"432","68","Ceftazidime Injection IP 250mg","Vial & Wfi","28.13","Antibiotics"
"433","69","Ceftazidime Injection IP 500mg","Vial & Wfi","46.88","Antibiotics"
"434","70","Ceftriaxone 1g and Sulbactam 500mg Injection","Vial & Wfi","45","Antibiotics"
"435","71","Ceftriaxone 1g and Tazobactam 125mg Injection","Vial & Wfi","45","Antibiotics"
"436","73","Ceftriaxone 250 mg and Sulbactam 125 mg Injection","Vial & Wfi","15.94","Antibiotics"
"437","1554","Ceftriaxone 250mg and Tazobactam 31.25mg Injection","1 Vial & wfi","22.5","Antibiotics"
"438","74","Ceftriaxone 500mg and Sulbactam 250mg Injection","Vial & Wfi","32.81","Antibiotics"
"439","75","Ceftriaxone Injection IP  1 g","Vial & Wfi","28.88","Antibiotics"
"440","1555","Ceftriaxone Injection IP 2 g","1 Vial & wfi","56.25","Antibiotics"
"441","76","Ceftriaxone Injection IP 250 mg","Vial & Wfi","12.19","Antibiotics"
"442","77","Ceftriaxone injection IP 500 mg","Vial & Wfi","22.5","Antibiotics"
"443","395","Cefuroxime Axetil 500mg and Potassium Clavulanate 125mg Tablets IP","6's","102.19","Antibiotics"
"444","669","Cefuroxime Axetil Oral Suspension 125mg per 5ml","30 ML","61.88","Antibiotics"
"445","739","Cefuroxime Axetil Tablets IP 125mg","6's","32.81","Antibiotics"
"446","78","Cefuroxime Axetil Tablets IP 250 mg","10's","70.31","Antibiotics"
"447","79","Cefuroxime Axetil Tablets IP 500 mg","10's","146.44","Antibiotics"
"448","757","Cefuroxime Injection IP 1500mg","Vial & Wfi","65.63","Antibiotics"
"449","81","Cephalexin  Capsules IP 250mg","10's","30.94","Antibiotics"
"450","82","Cephalexin Capsules IP 500mg","10's","46.88","Antibiotics"
"451","704","Cephalexin Dry Syrup 125mg per 5ml","30 ml","17.81","Antibiotics"
"452","1556","Cephalexin Extended Release Tablets 750mg","10's","107.81","Antibiotics"
"453","80","Cephalexin Tablets IP 125mg (Dispersible)","10's","19.69","Antibiotics"
"454","2239","Cereal Based Foods Products (for Baby above 6 months)","300g Mono Carton","0","Nutraceuticals"
"455","1557","Cerebroprotein Hydrolysate Injection 30mg","1 vial","187.5","Central Nervous System (CNS)"
"456","9046","Cervical Collar - Hard","1's","0","Surgical & Medical Consumables"
"457","9053","Cervical Collar - Hard (large)","One in Mono-Carton","0","Surgical & Medical Consumables"
"458","8102","Cervical Collar (Extra Large)","1's","120","Surgical & Medical Consumables"
"459","8101","Cervical Collar (Large)","1's","120","Surgical & Medical Consumables"
"460","8100","Cervical Collar (Medium)","1's","120","Surgical & Medical Consumables"
"461","8099","Cervical Collar (Small)","1's","120","Surgical & Medical Consumables"
"462","8117","Cervical Pillow (polyester, PU foam)","1's mono-carton","500","Surgical & Medical Consumables"
"463","603","Cetirizine Dihydrochloride 5mg, Phenylephrine Hydrochloride 10mg and Paracetamol 325mg Tablets","10's","17.54","Analgesic/Antipyretic/Anti-Inflammatory"
"464","239","Cetirizine Syrup IP 5 mg per 5 ml","60 ml","13.41","Anti-Histaminic"
"465","2491","Cetirizine Tablets IP 5mg","10's","0","Anti-Histaminic"
"466","240","Cetrizine Hydrochloride Tablets IP 10mg","10's","5.68","Anti-Histaminic"
"467","1879","Chloramphenicol 0.5% w/v and Dexamethasone 0.1% w/v Eye/Ear Drops","5ml Drops","14.06","Opthalmic/Otic"
"468","1559","Chloramphenicol Capsules IP 250 mg","10's","37.5","Antibiotics"
"469","1560","Chloramphenicol Capsules IP 500 mg","10's","60.94","Antibiotics"
"470","829","Chloramphenicol Eye Ointment IP 1%w/w","5 gm","15.94","Opthalmic/Otic"
"471","830","Chlordiazepoxide 10mg and Trifluoperazine 1mg Tablets","10's","14.06","Central Nervous System (CNS)"
"472","1562","Chlordiazepoxide 5mg and Amitriptyline Hydrochloride 12.5mg Tablets","10's","8.44","Central Nervous System (CNS)"
"473","477","Chlordiazepoxide 5mg and Clidinium Bromide 2.5mg Tablets","10's","8.44","Gastrointestinal (GIT)"
"474","1281","Chlordiazepoxide Tablets IP 10 mg","10's","19.69","Central Nervous System (CNS)"
"475","1921","Chlordiazepoxide Tablets IP 25 mg","10's","23.44","Central Nervous System (CNS)"
"476","8158","Chlorhexidine Gauze Dressing B.P 10cmx10cm (Sterile)","1 pc in a pack","11.25","Surgical & Medical Consumables"
"477","2515","Chlorhexidine Gluconate 0.2% w/v, Sodium Fluoride 0.05% w/v and Zinc Chloride 0.09% w/v Mouthwash (Sugar Free)","150ml","37.5","Stomatologicals"
"478","658","Chlorhexidine Gluconate 0.3%v/v and Cetrimide 0.6%w/v Antiseptic Liquid","100 ML","12.38","Antiseptic/Disinfectants"
"479","2056","Chlorhexidine Gluconate 1% w/w, Metronidazole 1% w/w and Lidocaine 2% w/w dental Gel","15 gm Lami Tube","18.75","Dermatology/Topical/External"
"480","117","Chlorhexidine Mouthwash IP 0.2 % w/v","100 ml","23.72","Stomatologicals"
"481","305","Chloroquine Phosphate Tablets IP 250 mg","10's","5","Anti-Malarial"
"482","2516","Chloroxylenol 4.80% w/v, Terpineol 9% v/v, Absolute Alcohol 13.10% v/v Liquid","60ml","18.75","Antiseptic/Disinfectants"
"483","1922","Chlorpromazine Tablets IP 100 mg","10's","6.19","Central Nervous System (CNS)"
"484","1924","Chlorpromazine Tablets IP 25 mg","10's","3.38","Central Nervous System (CNS)"
"485","1923","Chlorpromazine Tablets IP 50 mg","10's","5.16","Central Nervous System (CNS)"
"486","832","Chlorthalidone Tablets IP 12.5mg","10's","14.75","Cardiovascular System (CVS)"
"487","1283","Chlorthalidone Tablets IP 6.25 mg","10's","10.32","Cardiovascular System (CVS)"
"488","6","Chlorzoxazone 500mg, Diclofenac 50mg and Paracetamol 325mg Tablets","10's","25.78","Analgesic/Antipyretic/Anti-Inflammatory"
"489","834","Cholecalciferol (Vitamin D3) Drops 400 IU per ml","15 ml","18.75","Supplement/Vitamin/Mineral"
"490","833","Cholecalciferol (Vitamin D3) Drops 800 IU per ml","15 ml","25.31","Supplement/Vitamin/Mineral"
"491","1564","Cholecalciferol Chewable Tablets 60000 IU","4'S","17.02","Supplement/Vitamin/Mineral"
"492","585","Cholecalciferol Granules 60000 IU per gm","1 Sachet","10.21","Supplement/Vitamin/Mineral"
"493","2047","Cholecalciferol Soft Gelatin Capsule 60000 IU","4's","20.63","Supplement/Vitamin/Mineral"
"494","8002","Chromic Suture (1/2 Cir Rb Needle 20mm, Length 76 cm)","1's","75","Surgical & Medical Consumables"
"495","8003","Chromic Suture (1/2 Cir Rb Needle 30mm, Length 76 cm)","1's","42.19","Surgical & Medical Consumables"
"496","8005","Chromic Suture (1/2 Cir Rb Needle 40mm, Length 76 cm)","1's","42.19","Surgical & Medical Consumables"
"497","8007","Chromic Suture (1/2 Cir Rb Needle 45mm, Length 100 cm)","1's","46.88","Surgical & Medical Consumables"
"498","8006","Chromic Suture (3/8 Cir Rb Needle 30mm, Length 76 cm)","1's","42.19","Surgical & Medical Consumables"
"499","8001","Chromic Suture (3/8 Cir Rb Needle 40mm, Length 76 cm)","1's","42.19","Surgical & Medical Consumables"
"500","2381","Chyawanprash Special 1Kg Jar","1kg Jar","226","Ayurvedic"
"501","2380","Chyawanprash Special 500g Jar","500g Jar","125","Ayurvedic"
"502","514","Chymotrypsin and Trypsin (1:6 ) Tablets 100K AU","20's","51.57","Enzyme Preparation"
"503","2872","Ciclesonide (200Mcg) + Formoterol (6Mcg) + Tiotropium (9Mcg) Inhaler","200 MDI in 1 packet","0","Respiratory"
"504","2404","Ciclopirox Olamine Cream 1% w/v","50 gm Lami Tube in Mono Carton","93.75","Dermatology/Topical/External"
"505","2405","Ciclopirox Olamine Nail Lacquer 8% w/v","2.5ml with applicator","0","Dermatology/Topical/External"
"506","2091","Cilnidipine 10mg and Chlorthalidone 12.5mg Tablets","10's","18.75","Cardiovascular System (CVS)"
"507","2368","Cilnidipine 10mg and Olmesartan Medoxomil 20mg Tablets","10's","23.44","Cardiovascular System (CVS)"
"508","2369","Cilnidipine 10mg and Olmesartan Medoxomil 40mg Tablets","10's","28.13","Cardiovascular System (CVS)"
"509","1284","Cilnidipine 10mg and Telmisartan 40mg Tablets","10's","24.96","Cardiovascular System (CVS)"
"510","1565","Cilnidipine Tablets IP 10 mg","10's","17.02","Cardiovascular System (CVS)"
"511","837","Cilnidipine Tablets IP 20mg","10's","20.42","Cardiovascular System (CVS)"
"512","1566","Cilnidipine Tablets IP 5 mg","10's","11.34","Cardiovascular System (CVS)"
"513","838","Cilostazol Tablets IP 50mg","10's","68.07","Cardiovascular System (CVS)"
"514","1285","Cinitapride Tablets 1 mg","10's","28.13","Gastrointestinal (GIT)"
"515","1927","Cinnarizine 20mg and Dimenhydrinate 40mg Tablets","10's","18.75","Central Nervous System (CNS)"
"516","2094","Cinnarizine 20mg and Domperidone 15mg Tablet","10's","9.38","Anti-Emetic"
"517","1112","Cinnarizine Tablets IP 25mg","10's","7.94","Central Nervous System (CNS)"
"518","1568","Cinnarizine Tablets IP 75mg","10's","14.06","Central Nervous System (CNS)"
"519","1569","Ciprofloxacin 0.3% w/v and Dexamethasone 0.1% w/v Eye/Ear Drops","10 ml","10.31","Antibiotics"
"520","83","Ciprofloxacin 250mg and Tinidazole 300mg Tablets","10's","26.25","Antibiotics"
"521","84","Ciprofloxacin 500mg and Tinidazole 600mg Tablets","10's","36.56","Antibiotics"
"522","344","Ciprofloxacin Eye Drops IP 0.3% w/v","5 ml","6.56","Opthalmic/Otic"
"523","85","Ciprofloxacin Hydrochloride Tablets IP 250 mg","10's","10.31","Antibiotics"
"524","86","Ciprofloxacin Hydrochloride Tablets IP 500 mg","10's","20.63","Antibiotics"
"525","165","Ciprofloxacin Injection IP 200mg","100 ml","11.25","Antibiotics"
"526","154","Cisplatin Injection 50mg per 50ml","Vial","160.88","Oncology"
"527","153","Cisplatin Injection IP 10 mg per10ml","Vial","32.81","Oncology"
"528","1928","Citalopram Tablets IP 20mg","10's","18.75","Central Nervous System (CNS)"
"529","1570","Citicoline 500mg and Piracetam 800mg Tablets","10's","206.25","Central Nervous System (CNS)"
"530","1930","Citicoline Injection IP 250mg per ml","2ml Ampoule","37.5","Central Nervous System (CNS)"
"531","2517","Citicoline Syrup 500mg per 5ml","60 ml Bottle","0","Central Nervous System (CNS)"
"532","840","Citicoline Tablets IP 500mg","10's","207.28","Central Nervous System (CNS)"
"533","1857","Citric Acid 334mg and Potassium Citrate 1100mg Syrup per 5ml","200ml Bottle","46.88","Urology"
"534","740","Clarithromycin Tablets IP 250 mg","10's","76.88","Antibiotics"
"535","380","Clarithromycin Tablets IP 500 mg","4's","67.5","Antibiotics"
"536","1571","Clidinium Bromide 2.5mg, Chlordiazepoxide 5mg and Dicyclomine Hydrochloride 10mg Tablets","10's","13.13","Gastrointestinal (GIT)"
"537","1572","Clindamycin 1%w/w and Nicotinamide 4%w/w Gel","15 g","18.75","Dermatology/Topical/External"
"538","2160","Clindamycin 100mg, Clotrimazole 100mg and Tinidazole 100mg Soft Gelatin Capsule (For Vaginal Use)","7's","65.63","Dermatology/Topical/External"
"539","377","Clindamycin Capsules IP 300 mg","10's","84.38","Antibiotics"
"540","403","Clindamycin Injection IP 300mg per 2ml","2 ML","55","Antibiotics"
"541","2674","Clindamycin Phosphate Gel 1%w/w","20gm Tube","30","Antibiotics"
"542","1110","Clobazam Tablet IP 5mg","10's","15.47","Central Nervous System (CNS)"
"543","1574","Clobazam Tablets IP 10 mg","15's","30","Central Nervous System (CNS)"
"544","1575","Clobetasol Propionate 0.05%w/w and Gentamicin 0.1%w/w Cream","25 g","12.19","Dermatology/Topical/External"
"545","1576","Clobetasol Propionate 0.05%w/w and Miconazole Nitrate 2%w/w Cream","15 g","26.25","Dermatology/Topical/External"
"546","1577","Clobetasol Propionate 0.05%w/w and Neomycin Sulphate 0.5%w/w Cream","10 g","14.06","Dermatology/Topical/External"
"547","1578","Clobetasol Propionate 0.05%w/w and Salicylic Acid 3%w/w Ointment","20g","28.13","Dermatology/Topical/External"
"548","1579","Clobetasol Propionate 0.05%w/w and Salicylic Acid 6%w/w Ointment","20g","32.81","Dermatology/Topical/External"
"549","1580","Clobetasol Propionate 0.05%w/w, Gentamicin 0.1%w/w and Miconazole Nitrate 2%w/w Cream","15 g","20.63","Dermatology/Topical/External"
"550","634","Clobetasol Propionate 0.05%w/w, Neomycin 0.50%w/w, Miconazole 2%w/w and Chlorocresol 0.10%w/w Cream","20 gms.","29.49","Dermatology/Topical/External"
"551","118","Clobetasol Propionate Cream IP 0.05 % w/w","15 gm Tube","15.47","Dermatology/Topical/External"
"552","337","Clomiphene Citrate Tablets IP 50mg","10's","20.63","Gynaecology"
"553","1123","Clomipramine Hydrochloride Sustained release Tablets 75mg","10's","51.56","Central Nervous System (CNS)"
"554","1932","Clomipramine Hydrochloride Tablets 10mg","10's","11.25","Central Nervous System (CNS)"
"555","1933","Clomipramine Hydrochloride Tablets 25mg","10's","18.75","Central Nervous System (CNS)"
"556","1934","Clomipramine Hydrochloride Tablets 50mg","10's","32.81","Central Nervous System (CNS)"
"557","2802","Clonazepam + Propranolol Tablet (0.25/10 Mg)","10's","0","Central Nervous System (CNS)"
"558","2803","Clonazepam + Propranolol Tablet (0.25/20 Mg)","10's","0","Central Nervous System (CNS)"
"559","2804","Clonazepam + Propranolol Tablet (0.5/20 Mg)","10's","0","Central Nervous System (CNS)"
"560","1931","Clonazepam Mouth Dissolving Tablets 0.25 mg","10's","9.38","Central Nervous System (CNS)"
"561","319","Clonazepam Tablets IP 0.5 mg","10's","5.68","Central Nervous System (CNS)"
"562","844","Clonazepam Tablets IP 1mg","10's","9.08","Central Nervous System (CNS)"
"563","268","Clonidine Tablets IP 100 mcg","10's","10.5","Cardiovascular System (CVS)"
"564","2406","Clopidogrel 150mg Tablets","10's","33.75","Cardiovascular System (CVS)"
"565","1581","Clopidogrel 75mg and Aspirin 150mg Capsules","15's","58.13","Cardiovascular System (CVS)"
"566","270","Clopidogrel 75mg and Aspirin 75mg Tablets IP","10's","21.66","Cardiovascular System (CVS)"
"567","269","Clopidogrel Tablets IP 75mg","10's","19.28","Cardiovascular System (CVS)"
"568","2095","Clotrimazole 1% w/v and Lignocaine Hydrochloride 2% w/v Ear Drops","10ml Drops","14.06","Opthalmic/Otic"
"569","1582","Clotrimazole 1% w/v and Selenium Sulfide 2.5% w/v Suspension","75 ml","112.5","Dermatology/Topical/External"
"570","753","Clotrimazole 1%w/v and Beclometasone Dipropionate 0.025%w/v Lotion","15 ml","26.25","Dermatology/Topical/External"
"571","754","Clotrimazole 1%w/w and Beclomethasone Dipropionate 0.025%w/w Cream","15 gm","12.38","Dermatology/Topical/External"
"572","87","Clotrimazole Cream IP 1% w/w","15 g tubes","15.88","Dermatology/Topical/External"
"573","1583","Clotrimazole Mouth Paint 1% w/v","25 ml","18.75","Stomatologicals"
"574","752","Clotrimazole Powder 1%","100 gm Powder","62.39","Dermatology/Topical/External"
"575","2518","Clotrimazole Vaginal Gel 2% w/w","30g in Mono-carton with Applicator","42.19","Anti-fungal"
"576","689","Clotrimazole Vaginal Tablets IP 100mg","10's","14.06","Antibiotics"
"577","1937","Clozapine Tablets IP 100 mg","10's","37.5","Central Nervous System (CNS)"
"578","2498","Clozapine tablets IP 200mg","10's","75","Central Nervous System (CNS)"
"579","1935","Clozapine Tablets IP 25 mg","10's","14.06","Central Nervous System (CNS)"
"580","1936","Clozapine Tablets IP 50 mg","10's","23.44","Central Nervous System (CNS)"
"581","90","Co-trimoxazole (Sulphamethoxazole 100mg and Trimethoprim 20mg) Tablets IP","10's","2.06","Antibiotics"
"582","88","Co-trimoxazole (Sulphamethoxazole 200mg and Trimethoprim 40mg per 5ml) Oral Suspension IP","50 ml","14.06","Antibiotics"
"583","89","Co-trimoxazole (Sulphamethoxazole 800mg and Trimethoprim 160mg) Tablets IP","10's","11.34","Antibiotics"
"584","2096","Cod liver oil 300MG, Evening primrose oil 300MG, Omega-3 fatty acid 90MG and Vitamin E 10MG Soft Gelatin Capsules","10's","42.19","Cardiovascular System (CVS)"
"585","1584","Coenzyme Q10 (Ubidecarenone) and L-Carnitine Tablets","10's","93.75","Supplement/Vitamin/Mineral"
"586","1544","Coenzyme Q10 100mg, Lycopene 4000mcg, Selenium 70mcg and Omega-3 Fatty Acids (EPA 90mg and DHA 60mg) Capsules","10's","140.63","Supplement/Vitamin/Mineral"
"587","2255","Colchicine Tablets 0.5mg","10's","9.38","Ortho"
"588","1585","Colistimethate Sodium for Injection IP 1 Million IU","Vial (10 ml)","168.75","Antibiotics"
"589","1586","Colistimethate Sodium for Injection IP 4.5 Million IU","Vial (10 ml)","421.88","Antibiotics"
"590","1587","Colistin Sulphate Oral Suspension IP 12.5 mg per 5ml","30 ml","27.19","Antibiotics"
"591","1588","Collagen Peptide(Type I) 40mg, Sodium Hyaluronate 30mg, Chondroitin Sulfate 200mg and Vitamin C 35mg Tablets","10's","0","Supplement/Vitamin/Mineral"
"592","2519","Combi kit of Torasemide 20mg Tablets and Eplerenone 25mg Tablets","20's in Combikit","0","Urology"
"593","2146","Combikit of Eplerenone Tablets 25mg and Torsemide Tablets IP 10mg","Combikit of 20 Tablets in Mono Carton","0","Diuretic"
"594","9025","Combined Dressing Pad (10X10Cm)","Five in Mono-Pack X 100","28.13","Surgical & Medical Consumables"
"595","9026","Combined Dressing Pad (10X20Cm)","Five in Mono-Pack","42.19","Surgical & Medical Consumables"
"596","2520","Combipack of Ambrisentan 5mg and Tadalafil 20mg Tablets","20's in Combikit","0","Cardiovascular System (CVS)"
"597","2097","Combipack of Clarithromycin 500mg Tablets IP, Esomeprazole 40mg Tablets IP (Gastro resistant) and Amoxycillin 750mg Tablets IP","Combipack of 6 Tablets in Mono Carton","79.69","Gastrointestinal (GIT)"
"598","497","Combipack of Mifepristone Tablets IP 200mg  (1 Tablet) & Misoprostol Tablets IP 200mcg (4 Tablets)","1's","69.38","Gynaecology"
"599","2805","Combo pack of Vitamin C Injection IP and Vitamin B12, Folic acid and Niacinamide injection","1's","0","Supplement/Vitamin/Mineral"
"600","2407","Conjugated Estrogens 0.625mg Tablets","28's","0","Gynaecology"
"601","5067","Corrugated Drainage Sheet","1's","26","Surgical & Medical Consumables"
"602","8194","Cotton Balls","Pack of 100 in a Zip Lock Bag","90","Surgical & Medical Consumables"
"603","5007","Cotton Bandage 10 cm x 4 M","1's","18.75","Surgical & Medical Consumables"
"604","5006","Cotton Bandage 7.5 cm x 4 M","1's","14.06","Surgical & Medical Consumables"
"605","5008","Cotton Bandages(Non Sterile) 15 cm x 4 M","1's","28.13","Surgical & Medical Consumables"
"606","9068","Cotton Ear Buds","100 Ear Buds","0","Surgical & Medical Consumables"
"607","8195","Cotton Pads (Round)","Pack of 50 in a Zip Lock Bag","46.88","Surgical & Medical Consumables"
"608","8193","Covid 19 Self-Testing Kit (ICMR Approved)","One in Monopack","196.88","Surgical & Medical Consumables"
"609","5005","Crepe Bandage B. P.10 cm x 4 M","1's","33.75","Surgical & Medical Consumables"
"610","5004","Crepe Bandage B.P. 15 cm x 4 M","1's","51.56","Surgical & Medical Consumables"
"611","5073","Crepe Bandage B.P. 6 cm x 4 M","1's","22.5","Surgical & Medical Consumables"
"612","2408","Crizotinib Capsules 250mg","10's Bottle","0","Oncology"
"613","2675","Cyclobenzaprine Extended-release Capsules 15mg","10's","0","Central Nervous System (CNS)"
"614","1183","Cyclophosphamide Injection IP 500 mg","VIAL","35","Oncology"
"615","850","Cyclosporin capsules IP 50mg","5's","120","Immunosuppressant"
"616","1186","Cyclosporin Capulses IP 25mg","5's","72","Immunosuppressant"
"617","1187","Cyclosporine Capsules IP 100 mg","5's","230","Immunosuppressant"
"618","611","Cyproheptadine Hydrochloride Syrup IP 2mg","200 ml","28.13","Gastrointestinal (GIT)"
"619","583","Cyproheptadine Tablets IP 4 mg","10's","3.75","Gastrointestinal (GIT)"
"620","1590","Dabigatran Etexilate Mesilate Capsules 110 mg","10's","128.91","Anticoagulant"
"621","1591","Dabigatran Etexilate Mesilate Capsules 150 mg","10's","165","Anticoagulant"
"622","2098","Dabigatran Etexilate Mesilate Capsules 75 mg","10's","122.81","Anticoagulant"
"623","851","Dacarbazine Injection IP 200mg","VIAL","176.25","Oncology"
"624","2014","Daclatasvir Tablets 60 mg","28's Bottle","871.88","Hepato-Protective"
"625","2099","Dapagliflozin 10mg and Metformin Hydrochloride (Extended Release) 1000mg Tablets","10's","51.56","Anti-Diabetic"
"626","2100","Dapagliflozin 10mg and Metformin Hydrochloride (Extended Release) 500mg Tablets","10's","52.59","Anti-Diabetic"
"627","2273","Dapagliflozin 10mg and Sitagliptin 100mg Tablets","10's","65.63","Anti-Diabetic"
"628","2521","Dapagliflozin 10mg and Sitagliptin 50mg Tablets","10's","28.13","Anti-Diabetic"
"629","2522","Dapagliflozin 10mg, Sitagliptin 100mg and Metformin Hydrochloride (Extended Release) 1000mg Tablets","10's","70.31","Anti-Diabetic"
"630","2523","Dapagliflozin 10mg, Sitagliptin 100mg and Metformin Hydrochloride (Extended Release) 500mg Tablets","10's","67.5","Anti-Diabetic"
"631","2677","Dapagliflozin 10mg, Vildagliptin 100mg (SR) and Metformin Hydrochloride 1000mg (SR) Tablets","15's","65.63","Anti-Diabetic"
"632","2678","Dapagliflozin 10mg, Vildagliptin 100mg (SR) and Metformin Hydrochloride 500mg (SR) Tablets","15's","60.94","Anti-Diabetic"
"633","2409","Dapagliflozin 10mg+ Vildagliptin (Sustained release)100mg Tablets","10's","56.25","Anti-Diabetic"
"634","2524","Dapagliflozin 5mg and Metformin Hydrochloride (Extended Release) 1000mg Tablets","10's","32.81","Anti-Diabetic"
"635","2497","Dapagliflozin 5mg and Metformin Hydrochloride (Extended Release) 500mg Tablets","10's","28.13","Anti-Diabetic"
"636","2525","Dapagliflozin 5mg and Sitagliptin 100mg Tablets","10's","46.88","Anti-Diabetic"
"637","2272","Dapagliflozin 5mg and Sitagliptin 50mg Tablets","10's","37.5","Anti-Diabetic"
"638","2410","Dapagliflozin 5mg+ Vildagliptin (Sustained release)100mg Tablets","10's","46.88","Anti-Diabetic"
"639","1592","Dapagliflozin Tablets 10 mg","10's","33","Anti-Diabetic"
"640","2101","Dapagliflozin Tablets 5mg","10's","25.78","Anti-Diabetic"
"641","2301","Dapoxetine Tablets IP 30mg","4's","14.06","Urology"
"642","1858","Darifenacin Prolonged Release Tablets IP 7.5mg","10's","89.06","Urology"
"643","2302","Dasatinib 50mg Tablets","60's Bottle","1031.25","Oncology"
"644","2411","Dasatinib Tablets 20mg","60's Bottle in Monopack","1204.69","Oncology"
"645","2412","Dasatinib Tablets 50mg","60's Bottle in Monopack","2217.19","Oncology"
"646","2413","Dasatinib Tablets 70mg","60's Bottle in Monopack","2811.56","Oncology"
"647","853","Daunorubicin Hydrochloride Injection IP 20mg","vial","204","Oncology"
"648","2526","Deferasirox Dispersible Tablets 180mg","10's","46.88","Iron-Chelating Agents"
"649","2527","Deferasirox Dispersible Tablets 250mg","30's","65.63","Iron-Chelating Agents"
"650","2528","Deferasirox Dispersible Tablets 360mg","10's","79.69","Iron-Chelating Agents"
"651","2529","Deferasirox Dispersible Tablets 400mg","10's","90.94","Iron-Chelating Agents"
"652","2530","Deferasirox Dispersible Tablets 500mg","30's","112.5","Iron-Chelating Agents"
"653","2531","Deferiprone Capsules 250mg","50's","124.69","Iron-Chelating Agents"
"654","2532","Deferiprone Capsules 500mg","50's","234.38","Iron-Chelating Agents"
"655","2303","Deflazacort 30mg and Tamsulosin 0.4mg Tablets","10's","187.5","Urology"
"656","2533","Deflazacort oral Suspension 6mg per 5ml","30ml in Mono-carton with measuring cap","28.13","Steroids & Hormones"
"657","502","Deflazacort Tablets 6 mg","6's","14.75","Anti-Histaminic"
"658","734","Dehydroepiandrosterone (Micronized) 25 mg Capsule","10's","65.63","Gynaecology"
"659","5078","Dengue Test Kit","1's mono-carton","42.19","Surgical & Medical Consumables"
"660","2534","Denosumab (r-DNA origin) 60mg/ml in Pre-filled Syringe","1ml Pre-filled Syringe in Mono-carton","4875","Ortho"
"661","1593","Desloratadine 5mg and Montelukast 10mg Tablets","10's","23.44","Anti-Histaminic"
"662","2679","Desloratadine Tablets 10 mg","10's","23.44","Anti-Histaminic"
"663","2102","Desloratadine Tablets 5mg","10's","14.06","Anti-Histaminic"
"664","2020","Desmopressin Tablets 0.1 mg","15's in bottle","0","Urology"
"665","2305","Desvenlafaxine Extended Release 100mg and Clonazepam 0.5mg Tablets","10's","56.25","Central Nervous System (CNS)"
"666","2304","Desvenlafaxine Extended Release 50mg and Clonazepam 0.5mg Tablets","10's","30.94","Central Nervous System (CNS)"
"667","2307","Desvenlafaxine Extended Release Tablets 100mg","10's","42.19","Central Nervous System (CNS)"
"668","2306","Desvenlafaxine Extended Release Tablets 50mg","10's","23.44","Central Nervous System (CNS)"
"669","334","Dexamethasone Injection IP 4mg per ml","2 ml","5.63","Steroids & Hormones"
"670","333","Dexamethasone Tablets IP 0.5 mg","10's","1.88","Steroids & Hormones"
"671","2680","Dexchlorpheniramine Maleate Sustained Release Tablets 6mg","10's","0","Anti-Histaminic"
"672","2681","Dexchlorpheniramine Maleate Tablets IP 2mg","10's","0","Anti-Histaminic"
"673","2308","Dexlansoprazole MR Capsules 60mg","10's","93.75","Gastrointestinal (GIT)"
"674","2280","Dextromethorphan Hydrobromide Lozenges 5mg","10's","0","Respiratory"
"675","860","Dextromethorphan Hydrobromide Syrup IP 13.5mg per 5ml","50 ml","21.56","Respiratory"
"676","728","Dextrose 5%w/v and Sodium Chloride 0.9%w/v Injection IP","500 ml","18.75","Electrolytes"
"677","726","Dextrose Injection IP 10% w/v","500 ml","15.47","Electrolytes"
"678","864","Dextrose Injection IP 25%w/v","100 ml","11.25","Supplement/Vitamin/Mineral"
"679","725","Dextrose Intravenouse Infusion IP 5% w/v","500 ml","18.75","Electrolytes"
"680","594","Dextrose Monohydrate IP Powder","75 gm","21.56","Electrolytes"
"681","2172","Di-Hydralazine Hydrochloride 25mg Tablets USP","10's","0","Anti-Histaminic"
"682","2240","Diabetes Care Protein Powder","400g Jar","375","Nutraceuticals"
"683","1135","Diacerein 50mg and Glucosamine Sulphate 750mg Tablets","10's","46.88","Ortho"
"684","865","Diacerein Capsules IP 50mg","10's","42.19","Ortho"
"685","656","Diastase and Pepsin Enzyme Drops","15 ml","16.88","Enzyme Preparation"
"686","866","Diazepam Injection IP 5mg per ml","2 ML","7.5","Central Nervous System (CNS)"
"687","1939","Diazepam Tablets IP 10 mg","10's","18.75","Central Nervous System (CNS)"
"688","1938","Diazepam Tablets IP 2 mg","10's","6.56","Central Nervous System (CNS)"
"689","320","Diazepam Tablets IP 5 mg","10's","5.63","Central Nervous System (CNS)"
"690","525","Diclofenac 1.16%w/w, Linceed Oil 3%w/w, Methyl Salicylate 10%w/w and Menthol 5%w/w Gel","30 GM","24.75","Dermatology/Topical/External"
"691","2535","Diclofenac 200mg Transdermal patch","10's in Mono-carton","0","Analgesic/Antipyretic/Anti-Inflammatory"
"692","2536","Diclofenac Diethylamine 1.16% w/w, Sesame oil 2.5% w/w, Linseed oil 0.5% w/w, Methyl Salicylate 10% w/w & Menthol 5% w/w Gel","30g in Mono-carton","0","Analgesic/Antipyretic/Anti-Inflammatory"
"693","2414","Diclofenac Diethylamine 1.16% w/w, Sesame Oil 2.50% w/w, Linseed Oil 0.50% w/w, Methylsalicylate 10% w/w and Menthol 5% w/w Gel","30gm Lami-Tube in Monopack","70.31","Analgesic/Antipyretic/Anti-Inflammatory"
"694","1594","Diclofenac Diethylamine 1.16% w/w, Thiocholchicoside 0.125% w/w, Linseed Oil 3% w/w, Methylsalicylate 10% w/w and Menthol 5% w/w Gel","30 gm","51.57","Analgesic/Antipyretic/Anti-Inflammatory"
"695","648","Diclofenac Dithylamine 1.16%w/w, Linseed Oil 3%w/w, Methyl Salicylate 10%w/w and Menthol 5%w/w Spray","35 gm","56.72","Dermatology/Topical/External"
"696","11","Diclofenac Gastro-Resistant Tablets IP 50 mg","10's","5.68","Analgesic/Antipyretic/Anti-Inflammatory"
"697","7","Diclofenac Gel IP 1.16%w/w (Diclofenac Diethylamine)","15 g","12.38","Dermatology/Topical/External"
"698","1596","Diclofenac Potassium 50mg and Metaxalone 400mg Tablets","10's","46.88","Analgesic/Antipyretic/Anti-Inflammatory"
"699","613","Diclofenac Potassium 50mg, Paracetamol 325mg and Serratiopeptidase 10mg Tablets","10's","20.42","Analgesic/Antipyretic/Anti-Inflammatory"
"700","1597","Diclofenac Prolonged release Tablets IP 75 mg","10's","9.38","Analgesic/Antipyretic/Anti-Inflammatory"
"701","2537","Diclofenac Sodium 2% w/v, Methyl Salicylate 10% w/v, Menthol 5%, Absolute alcohol 10% v/v Spray","50ml","0","Analgesic/Antipyretic/Anti-Inflammatory"
"702","21","Diclofenac Sodium 50mg and Paracetamol 325mg Tablets IP","10's","10.21","Analgesic/Antipyretic/Anti-Inflammatory"
"703","2538","Diclofenac Sodium 50mg and Thiocolchicoside 4mg Tablets","10's","44.06","Analgesic/Antipyretic/Anti-Inflammatory"
"704","2539","Diclofenac Sodium 50mg and Thiocolchicoside 8mg Tablets","10's","56.25","Analgesic/Antipyretic/Anti-Inflammatory"
"705","10","Diclofenac Sodium Injection IP 25mg per ml","3 ml","3.75","Analgesic/Antipyretic/Anti-Inflammatory"
"706","9","Diclofenac Sodium Prolonged Release Tablets IP 100 mg","10's","12.47","Analgesic/Antipyretic/Anti-Inflammatory"
"707","2103","Diclofenac Sodium Suppositories 100mg","5's","0","Analgesic/Antipyretic/Anti-Inflammatory"
"708","868","Dicyclomine Hydrochloride (Dicycloverine) Injection IP 10mg per ml","2 ml","3.75","Gastrointestinal (GIT)"
"709","487","Dicyclomine Hydrochloride 10mg and Activated Dimethicone 40mg per 5 ml Suspension","30 ML","15.94","Gastrointestinal (GIT)"
"710","467","Dicyclomine Hydrochloride 10mg and Mefenamic Acid 250mg Tablets IP","10's","13.62","Analgesic/Antipyretic/Anti-Inflammatory"
"711","649","Dicyclomine Hydrochloride 10mg and Simethicone 40mg Oral Drops","10 ml Bottle","10.31","Gastrointestinal (GIT)"
"712","183","Dicyclomine Tablets IP 10mg","10's","0.94","Gastrointestinal (GIT)"
"713","2161","Diethylcarbamazine 150mg Tablets","10's","10","Anthelmintic"
"714","1154","Diethylcarbamazine Citrate Tablets IP 100mg","30's","17","Anthelmintic"
"715","386","Diethylcarbamazine Tablets IP 50 mg","30's","9","Anthelmintic"
"716","8133","Digital Blood Pressure Instrument ( 100% mercury free)","1's Monopack","937.5","Surgical & Medical Consumables"
"717","9029","Digital Weighing Scale","One in Mono-Pack","0","Surgical & Medical Consumables"
"718","428","Digoxin Tablets IP 0.25 mg","10's","8.44","Cardiovascular System (CVS)"
"719","1599","Diltiazem Hydrochloride Extended Release Capsules 120 mg","10's","32.81","Cardiovascular System (CVS)"
"720","425","Diltiazem Sustained Release Tablets 90 mg","10's","37.43","Cardiovascular System (CVS)"
"721","271","Diltiazem Tablets IP 30 mg","10's","11.34","Cardiovascular System (CVS)"
"722","272","Diltiazem Tablets IP 60 mg","10's","15.94","Cardiovascular System (CVS)"
"723","2000","Dinoprostone Gel 0.5 mg (Pre-filled syringe)","3gm Pre-filled Syringe","113.44","Gynaecology"
"724","1254","Diphenhydramine 13-15mg, Ammonium Chloride 135-150mg , Sodium Citrate 57-85mg, Menthol 0.9-2.6mg Cough Syrup","100 ml Bottle","18.57","Respiratory"
"725","1601","Diphenoxylate Hydrochloride 2.5mg and Atropine sulphate 0.025mg Tablet","10's","5.63","Gastrointestinal (GIT)"
"726","311","Disodium Hydrogen Citrate Syrup (Alkalyser) 1.4 gm per 5 ml","100 ml","22.69","Urology"
"727","1859","Disodium Hydrogen Citrate Syrup 1.37gm per 5ml","100ml Bottle","42.19","Urology"
"728","1856","Disodium Hydrogen Citrate Syrup 1.53gm per 5ml","100ml Bottle","28.13","Urology"
"729","9049","Disposable Maternity Pad Fixator","5's in a pack","0","Surgical & Medical Consumables"
"730","9054","Disposable Maternity Pad Fixator (Extra Large)","5's in a pack","0","Surgical & Medical Consumables"
"731","8160","Disposable Plastic Hand Gloves (Free size)","Pair","3","Surgical & Medical Consumables"
"732","9057","Disposable Under Sheet","Pack of 10 pcs","0","Surgical & Medical Consumables"
"733","601","Disulfiram Tablets IP 500 mg","4's","6.56","Anti-Alcoholism"
"734","2049","Divalproex Prolonged release Tablets IP 500mg","10's","60.94","Central Nervous System (CNS)"
"735","2104","Divalproex Sodium Extended Release Tablets IP 250 mg","10's","23.44","Central Nervous System (CNS)"
"736","1602","Divalproex Tablets IP 500 mg","10's","32.81","Central Nervous System (CNS)"
"737","273","Dobutamine Injection IP 250mg per 20ml (for Intravenous Infusion)","Vial","35.63","Cardiovascular System (CVS)"
"738","1212","Docetaxel Injection IP 120 mg","VIAL","2531.25","Oncology"
"739","1211","Docetaxel Injection IP 80 mg","VIAL","1687.5","Oncology"
"740","2873","Dolutegravir (50 Mg) + Emtricitabine (200 Mg) + Tenofovir Alafenamide (25 Mg) Tablets","30's in Bottle","0","Anti-retroviral"
"741","2874","Dolutegravir (50Mg) + Lamivudine (300Mg) + Tenofovir Disoproxil Fumarate (300Mg) Tablets","30's in Bottle","0","Anti-retroviral"
"742","2415","Dolutegravir Tablets 50mg","30's Bottle","187.5","Anti-Retroviral"
"743","2043","Domperidone 10mg and Paracetamol 325mg Tablets","10's","0","Gastrointestinal (GIT)"
"744","187","Domperidone Suspension IP 5mg per 5ml","30 ml","12.19","Anti-Emetic"
"745","186","Domperidone Tablets IP 10 mg","10's","4.54","Anti-Emetic"
"746","2311","Donepezil 5mg and Memantine 10mg Tablets","10's","23.44","Central Nervous System (CNS)"
"747","2310","Donepezil 5mg and Memantine 5mg Tablets","10's","18.75","Central Nervous System (CNS)"
"748","2682","Donepezil Hydrochloride Orally Disintegrating Strips 10 mg","10's in mono-carton","82.5","Central Nervous System (CNS)"
"749","2683","Donepezil Hydrochloride Orally Disintegrating Strips 5 mg","10's in mono-carton","57.19","Central Nervous System (CNS)"
"750","875","Donepezil Hydrochloride Tablets IP 10mg","10's","23.44","Central Nervous System (CNS)"
"751","1298","Donepezil Tablets IP 5 mg","10's","18.75","Central Nervous System (CNS)"
"752","274","Dopamine Hydrochloride Injection IP 200 mg per 5ml","5 ml","15","Cardiovascular System (CVS)"
"753","1603","Dorzolamide 2% w/v and Timolol 0.5% w/v Eye Drops IP","5 ml","150","Opthalmic/Otic"
"754","1604","Dorzolamide Eye Drops IP 2% w/v","5 ml","103.13","Opthalmic/Otic"
"755","2105","Dosulepin (Dothiepin) Tablets IP 50mg","10's","28.13","Central Nervous System (CNS)"
"756","1605","Dosulepin (or Dothiepin) Tablets 25 mg","10's","16.5","Central Nervous System (CNS)"
"757","1606","Dosulepine (or Dothiepin) Tablets IP 75mg","10's","67.5","Central Nervous System (CNS)"
"758","1940","Doxepin Capsules IP 10mg","10's","14.06","Central Nervous System (CNS)"
"759","1941","Doxepin Capsules IP 25mg","10's","37.5","Central Nervous System (CNS)"
"760","1942","Doxepin Capsules IP 75mg","10's","56.25","Central Nervous System (CNS)"
"761","2106","Doxofylline (Sustained-release) 400mg and Montelukast 10mg Tablets","10's","60.94","Respiratory"
"762","555","Doxofylline Tablets IP 400 mg","10's","17.53","Respiratory"
"763","156","Doxorubicin Injection IP 50mg (2mg per ml)","Vial","281.25","Oncology"
"764","92","Doxycycline Capsules IP 100mg","10's","15.88","Antibiotics"
"765","474","Doxylamine Succinate 10mg and Pyridoxine Hydrochloride 10mg Tablets","30's","21.56","Gynaecology"
"766","1157","Doxylamine Succinate 20mg and Pyridoxine Hydrochloride 20mg Tablets","10's","14.06","Gynaecology"
"767","198","Dried Aluminium Hydroxide 250mg, Magnesium Hydroxide 250mg and Activated Dimethicone 50mg per 5ml Suspension","170 ml","33","Gastrointestinal (GIT)"
"768","188","Dried Aluminium Hydroxide 250mg, Magnesium Hydroxide 250mg and Activated Dimethicone 50mg Tablets","10's","6.19","Gastrointestinal (GIT)"
"769","1301","Drotaverine 80mg and Aceclofenac 100mg Tablets","10's","30.94","Analgesic/Antipyretic/Anti-Inflammatory"
"770","878","Drotaverine Hydrochloride 80mg and Mefenamic Acid 250mg Tablets","10's","18.75","Gastrointestinal (GIT)"
"771","2540","Drotaverine Hydrochloride Injection 40mg per 2ml","2ml Ampoule","9.38","Gastrointestinal (GIT)"
"772","879","Drotaverine Hydrochloride Tablets IP 40mg","10's","7.5","Gastrointestinal (GIT)"
"773","1607","Drotaverine Hydrochloride Tablets IP 80 mg","15's","18.75","Gastrointestinal (GIT)"
"774","2541","Duloxetin Hydrochloride (Delayed Release) 20mg and Mecobalamin 1.5mg Capsules","10's","0","Central Nervous System (CNS)"
"775","2542","Duloxetin Hydrochloride (Delayed Release) 30mg and Mecobalamin 1.5mg Capsules","10's","0","Central Nervous System (CNS)"
"776","1943","Duloxetine Gastro Resistant Tablets IP 30mg","10's","28.13","Central Nervous System (CNS)"
"777","1302","Duloxetine Gastro-resistant Tablets IP 20 mg","10's","27.84","Central Nervous System (CNS)"
"778","1860","Dutasteride Capsule IP 0.5 mg","10's","46.88","Urology"
"779","496","Dydrogesterone Tablets IP 10 mg","10's","328.13","Gynaecology"
"780","2543","Ebastine 10mg and Phenylephrine 10mg Tablets","10's","0","Respiratory"
"781","881","Ebastine Tablets IP 10mg","10's","18.75","Anti-Histaminic"
"782","2162","Eberconazole Cream 1% w/w","30g Lemitube","121.88","Anti-fungal"
"783","1608","Efavirenz 600mg, Emtricitabine 200mg and Tenofovir Disoproxil Fumarate 300mg Tablets IP","30's","1031.25","Anti-Retroviral"
"784","882","Efavirenz Tablets IP 600mg","30's","510","Anti-Retroviral"
"785","2544","Efonidipine Hydrochloride Ethanolate 20mg Tablets","10's","0","Cardiovascular System (CVS)"
"786","2545","Efonidipine Hydrochloride Ethanolate 40mg Tablets","10's","70.31","Cardiovascular System (CVS)"
"787","1959","Eicosapentaenoic Acid 180mg and Docosahexaenoic Acid 120mg Soft Gelatin Capsule","30's Bottle","112.5","Supplement/Vitamin/Mineral"
"788","8161","Elastic gauze bandages 10cm","1's","178.13","Surgical & Medical Consumables"
"789","8162","Elastic gauze bandages 7.5cm","1's","140.63","Surgical & Medical Consumables"
"790","9065","Elastic Net Fixator Bandage","5 cm X 3 m in Monopack","0","Surgical & Medical Consumables"
"791","9064","Elastic Net Fixator Bandage","4 cm X 3 m in Monopack","0","Surgical & Medical Consumables"
"792","9063","Elastic Net Fixator Bandage","3 cm X 3 m in Monopack","0","Surgical & Medical Consumables"
"793","9062","Elastic Net Fixator Bandage","2 cm X 3 m in Monopack","0","Surgical & Medical Consumables"
"794","9044","Elbow Crutch (Adjustable)","1's in sealed poly pack","0","Surgical & Medical Consumables"
"795","9024","Elbow Support (Extra Large)","Pair in Mono-Pack","150","Surgical & Medical Consumables"
"796","9023","Elbow Support (Large)","Pair in Mono-Pack","150","Surgical & Medical Consumables"
"797","9022","Elbow Support (Medium)","Pair in Mono-Pack","140","Surgical & Medical Consumables"
"798","9021","Elbow Support (Small)","Pair in Mono-Pack","140","Surgical & Medical Consumables"
"799","8136","Elecrical Nebulizer Machine","1's Monopack","750","Surgical & Medical Consumables"
"800","2416","Eltrombopag Tablets 25mg","7's","271.88","Treatment of Severe Aplastic Anemia"
"801","2417","Eltrombopag Tablets 50mg","7's","421.88","Treatment of Severe Aplastic Anemia"
"802","2312","Empagliflozin 10mg and Linagliptin 5mg Tablets","10's","0","Anti-Diabetic"
"803","2546","Empagliflozin 25mg and Linagliptin 5mg Tablets","10's","0","Anti-Diabetic"
"804","1609","Empagliflozin Tablets 10 mg","10's","37.5","Anti-Diabetic"
"805","1610","Empagliflozin Tablets 25 mg","10's","61.88","Anti-Diabetic"
"806","1611","Emtricitabine 200mg and Tenofovir Disoproxil Fumarate 300mg Tablets IP","30's","984.38","Anti-Retroviral"
"807","444","Enalapril 10mg and Hydrochlorothiazide 25mg Tablets IP","30's","56.25","Cardiovascular System (CVS)"
"808","2163","Enalapril Maleate Tablets IP 2.5mg","10's","6.56","Cardiovascular System (CVS)"
"809","275","Enalapril Tablets IP 5 mg","10's","5.68","Cardiovascular System (CVS)"
"810","5053","Endotracheal Tube Cuffed, Size 4","1's","75","Surgical & Medical Consumables"
"811","5054","Endotracheal Tube Cuffed, Size 4.5","1's","70.31","Surgical & Medical Consumables"
"812","5055","Endotracheal Tube Cuffed, Size 5","1's","65.63","Surgical & Medical Consumables"
"813","5056","Endotracheal Tube Cuffed, Size 6","1's","65.63","Surgical & Medical Consumables"
"814","5057","Endotracheal Tube Cuffed, Size 6.5","1's","65.63","Surgical & Medical Consumables"
"815","5058","Endotracheal Tube Cuffed, Size 7","1's","65.63","Surgical & Medical Consumables"
"816","5059","Endotracheal Tube Cuffed, Size 7.5","1's","65.63","Surgical & Medical Consumables"
"817","5060","Endotracheal Tube Cuffed, Size 8","1's","65.63","Surgical & Medical Consumables"
"818","5061","Endotracheal Tube Cuffed, Size 8.5","1's","65.63","Surgical & Medical Consumables"
"819","5062","Endotracheal Tube Cuffed, Size 9","1's","65.63","Surgical & Medical Consumables"
"820","5046","Endotracheal Tube Plain, Size 2.5, Sterile, Single use","1's","32.81","Surgical & Medical Consumables"
"821","5047","Endotracheal Tube Plain, Size 3, Sterile, Single use","1's","32.81","Surgical & Medical Consumables"
"822","5048","Endotracheal Tube Plain, Size 3.5, Sterile, Single use","1's","32.81","Surgical & Medical Consumables"
"823","5049","Endotracheal Tube Plain, Size 4, Sterile, Single use","1's","32.81","Surgical & Medical Consumables"
"824","5050","Endotracheal Tube Plain, Size 4.5, Sterile, Single use","1's","32.81","Surgical & Medical Consumables"
"825","5051","Endotracheal Tube Plain, Size 5, Sterile, Single use","1's","32.81","Surgical & Medical Consumables"
"826","5052","Endotracheal Tube Plain, Size 8.5, Sterile, Single use","1's","37.5","Surgical & Medical Consumables"
"827","276","Enoxaparin Injection IP 40 mg per 0.4 ml","0.4 ml","187","Cardiovascular System (CVS)"
"828","277","Enoxaparin Injection IP 60 mg per 0.6 ml","0.6 ml","217.8","Cardiovascular System (CVS)"
"829","2547","Entacapone Tablets IP 200mg","10's","0","Central Nervous System (CNS)"
"830","1612","Entecavir Tablets IP 0.5 mg","10's","93.75","Hepato-Protective"
"831","2806","Enzalutamide Tablet 40Mg","28's in Bottle","0","Oncology"
"832","1449","Enzyme syrup mixed fruit flavour","200 ml","50.57","Enzyme Preparation"
"833","1880","Epalrestat Sustained Release Tablets 150 mg","10's","79.69","Central Nervous System (CNS)"
"834","2548","Eplerenone 50mg Tablets","10's","234.38","Cardiovascular System (CVS)"
"835","1613","Eplerenone Tablets IP 25 mg","10's","121.88","Cardiovascular System (CVS)"
"836","1213","Erlotinib Tablets IP 150 mg","10's Bottle","656.25","Oncology"
"837","93","Erythromycin Stearate Tablets IP  250mg","10's","19.59","Antibiotics"
"838","1615","Erythromycin Stearate Tablets IP 500mg","10's","53.44","Antibiotics"
"839","1038","Erythropoietin Injection IP 2000 IU","Vial","215.63","Erythropoiesis"
"840","1037","Erythropoietin Injection IP 4000 IU","Vial","278.44","Erythropoiesis"
"841","1306","Escitalopram Oxalate 5mg and Clonazepam 0.5mg Tablets IP","10's","14.75","Central Nervous System (CNS)"
"842","718","Escitalopram Oxelate 10mg and Clonazepam 0.5mg Tablets IP","10's","15.47","Central Nervous System (CNS)"
"843","321","Escitalopram Tablets IP 10 mg","10's","10.32","Central Nervous System (CNS)"
"844","322","Escitalopram Tablets IP 20 mg","10's","18.75","Central Nervous System (CNS)"
"845","1944","Escitalopram Tablets IP 5 mg","10's","7.5","Central Nervous System (CNS)"
"846","472","Esomeprazole 40mg (Enteric-Coated) and Domperidone 30mg (Sustained Release) Capsules","10's","22.69","Gastrointestinal (GIT)"
"847","480","Esomeprazole 40mg (Enteric-coated) and Levosulpiride 75mg (Sustained release) Capsules","10's","68.07","Gastrointestinal (GIT)"
"848","2037","Esomeprazole Gastro-Resistance Tablets IP 20mg","10's","9.38","Gastrointestinal (GIT)"
"849","2164","Esomeprazole Magnessium 40mg (Enteric Coated ) and Itopride Hydrochloride 150mg (Sustained Release) Capsules.","10's","46.88","Gastrointestinal (GIT)"
"850","484","Esomeprazole Tablets IP 40 mg","10's","21.55","Gastrointestinal (GIT)"
"851","2147","Estradiol Tablets 2mg","28's","103.13","Gynaecology"
"852","632","Etamsylate Tablets 250 mg","10's","8.44","Coagulants"
"853","631","Etamsylate Tablets 500 mg","10's","12.19","Coagulants"
"854","2002","Ethinylestradiol 0.035 Mg And Cyproterone 2 Mg Tablet","21's Monopack","90","Gynaecology"
"855","1307","Ethinylestradiol 0.03mg and Desogestrel 0.15mg Tablets","21's","90","Gynaecology"
"856","1308","Ethinylestradiol 0.03mg and Levonorgestrel 0.15mg Tablets IP","21's","35","Gynaecology"
"857","885","Ethinylestradiol 0.05mg and Levonorgestrel 0.25mg Tablets IP","21's","30","Gynaecology"
"858","2549","Etizolam 0.5mg and Escitalopram Oxalate 10mg Tablets","10's","18.75","Central Nervous System (CNS)"
"859","2550","Etizolam 0.5mg and Escitalopram Oxalate 5mg Tablets","10's","14.06","Central Nervous System (CNS)"
"860","2107","Etizolam 0.5mg and Propranolol Hydrochloride 20mg Tablets","10's","18.75","Central Nervous System (CNS)"
"861","2313","Etizolam 0.5mg and Propranolol Hydrochloride 40mg Tablets","10's","28.13","Central Nervous System (CNS)"
"862","2551","Etizolam Controlled release Tablets IP 1.5mg","10's","0","Central Nervous System (CNS)"
"863","1945","Etizolam Tablets IP 0.25mg","10's","6.56","Central Nervous System (CNS)"
"864","764","Etizolam Tablets IP 0.5mg","10's","10.21","Central Nervous System (CNS)"
"865","717","Etodolac Tablets IP 300mg","10's","35.06","Analgesic/Antipyretic/Anti-Inflammatory"
"866","245","Etophyllin 77mg and Theophylline 23mg Tablets","10's","5.16","Respiratory"
"867","1848","Etophyllin 84.7mg and Theophylline 25.3mg Injection per ml","2 ml","3.75","Respiratory"
"868","627","Etophylline 115mg and Theophylline 35mg Prolonged Release Tablets IP","10's","7.5","Respiratory"
"869","628","Etophylline 231mg and Theophylline 69mg Prolonged Release Tablets IP","10's","14.75","Respiratory"
"870","2026","Etoposide Capsules IP 50 mg","8's","202.5","Oncology"
"871","158","Etoposide Injection IP 100 mg per 5 ml","Vial","92.81","Oncology"
"872","1617","Etoricoxib 60mg and Paracetamol 325mg Tablets","10's","25.31","Analgesic/Antipyretic/Anti-Inflammatory"
"873","2552","Etoricoxib 60mg and Pregabalin 75mg (SR) Tablets","10's","37.5","Central Nervous System (CNS)"
"874","1618","Etoricoxib 60mg and Thiocolchicoside 4mg Tablets","10's","56.25","Analgesic/Antipyretic/Anti-Inflammatory"
"875","12","Etoricoxib Tablets IP 120 mg","10's","35.63","Analgesic/Antipyretic/Anti-Inflammatory"
"876","13","Etoricoxib Tablets IP 90 mg","10's","31.97","Analgesic/Antipyretic/Anti-Inflammatory"
"877","1620","Evening Primrose Oil 1000 mg","15's","79.69","Supplement/Vitamin/Mineral"
"878","1621","Evening Primrose Oil 500 mg","15's","51.56","Supplement/Vitamin/Mineral"
"879","2684","Everolimus Tablets 0.25 mg","10's","250","Immunosuppressant"
"880","2685","Everolimus Tablets 0.5 mg","10's","450","Immunosuppressant"
"881","2687","Everolimus Tablets 10 mg","10's","7000","Immunosuppressant"
"882","2686","Everolimus Tablets 5 mg","10's","3600","Immunosuppressant"
"883","2165","Evogliptin 5mg and Metformin Hydrochloride Sustained Release 1000mg Tablets","10's","0","Anti-Diabetic"
"884","2166","Evogliptin 5mg and Metformin Hydrochloride Sustained Release 500mg Tablets","10's","0","Anti-Diabetic"
"885","2167","Evogliptin Tartarate 5mg Tablets","10's","0","Anti-Diabetic"
"886","8197","Exercise Ball (Universal Size)","1’s in Mono Carton","0","Surgical & Medical Consumables"
"887","2418","Ezetimibe Tablets IP 10mg","10's","18.75","Cardiovascular System (CVS)"
"888","2419","Ezetimibe Tablets IP 5mg","10's","0","Cardiovascular System (CVS)"
"889","191","Famotidine Tablets IP 20 mg","14's","2.81","Gastrointestinal (GIT)"
"890","192","Famotidine Tablets IP 40 mg","14's","4.99","Gastrointestinal (GIT)"
"891","2420","Faropenem (200mg) + Clavulanic Acid (125mg) Tablets","6's","337.5","Antibiotics"
"892","1310","Faropenem Tablets 200mg","6's","281.25","Antibiotics"
"893","888","Febuxostat Tablets 40mg","10's","20.63","Ortho"
"894","889","Febuxostat Tablets 80mg","10's","35.07","Ortho"
"895","9003","Female Natural Latex Condom","Three in Mono-Pack","115","Surgical & Medical Consumables"
"896","2168","Fenofibrate Capsules IP 200mg","10's","23.44","Cardiovascular System (CVS)"
"897","442","Fenofibrate Tablets  IP 160 mg","10's","27.84","Cardiovascular System (CVS)"
"898","1311","Fenofibrate Tablets IP 145 mg","10's","20.63","Cardiovascular System (CVS)"
"899","2553","Feracrylum 1% w/w Gel","15g in Mono-carton","93.75","Dermatology/Topical/External"
"900","2554","Feracrylum 3% w/w, Centbucridine 0.5% w/w Gel","20g in Mono-carton","44.77","Hemorrhoids & Anal fissures"
"901","2688","Feracrylum mouth wash/Gargle 1% w/v (Mint Flavour)","50ml","98.44","Antiseptic/Disinfectants"
"902","2689","Feracrylum Sterile Antiseptic Solution 1% w/v","100ml","140.63","Antiseptic/Disinfectants"
"903","2555","Ferric Carboxymaltose Injection 50mg/ml","10ml Vial","421.88","Supplement/Vitamin/Mineral"
"904","498","Ferrous Ascorbate 100mg and Folic Acid 1.5mg Tablets","10's","23.83","Supplement/Vitamin/Mineral"
"905","1622","Ferrous Ascorbate 100mg, Folic Acid 1.5mg and Zinc Sulphate 22.5mg Tablets","10's","34.03","Supplement/Vitamin/Mineral"
"906","2045","Ferrous Asparto Glycinate 100 mg, L-Methylfolate Calcium 300mcg, Methylcobalamin 500mcg Tablet","10's","37.5","Supplement/Vitamin/Mineral"
"907","1623","Fexofenadine Hydrochloride Suspension (30mg/5ml)","100 ml","28.13","Anti-Histaminic"
"908","246","Fexofenadine Hydrochloride Tablets IP 120mg","10's","24.75","Anti-Histaminic"
"909","247","Fexofenadine Tablets IP 180 mg","10's","35.06","Anti-Histaminic"
"910","9056","Fibrin Sealant Kit I.P. (2inch X 4 inch)","Pack of 2","0","Surgical & Medical Consumables"
"911","2807","Filgrastim injection 300mcg","1ML Vial","0","Immunostimulator"
"912","1861","Finasteride Tablets IP 1mg","10's","14.06","Urology"
"913","680","Finasteride Tablets IP 5mg","10's","41.25","Urology"
"914","9052","Finger Saperator - Feet","1 pair","0","Surgical & Medical Consumables"
"915","9051","Finger Saperator - Hand","1 pair","0","Surgical & Medical Consumables"
"916","1312","Flavoxate Tablets IP 200 mg","15's","56.25","Urology"
"917","2808","Flecanide Tablets 100Mg","10's","0","Cardiovascular System (CVS)"
"918","2809","Flecanide Tablets 50Mg","10's","0","Cardiovascular System (CVS)"
"919","2556","Fluconazole Dusting Powder 2% w/w","30g","0","Anti-Fungal"
"920","2774","Fluconazole Injection 2mg per ml","100ml Bottle","0","Anti-Fungal"
"921","1246","Fluconazole Tablets IP 150 mg","1's","5.68","Anti-Fungal"
"922","2772","Fluconazole Tablets IP 200 mg","4's","22.5","Anti-Fungal"
"923","2773","Fluconazole Tablets IP 400 mg","1's","9.38","Anti-Fungal"
"924","2771","Fluconazole Tablets IP 50 mg","4's","7.5","Anti-Fungal"
"925","323","Flunarizine Tablets IP 10 mg","10's","7.5","Central Nervous System (CNS)"
"926","324","Flunarizine Tablets IP 5 mg","10's","6.56","Central Nervous System (CNS)"
"927","2557","Fluocinolone acetonide 0.01% w/w, Miconazole 2% w/w and Neomycin 0.5% w/w ointment, 10g","15g","0","Dermatology/Topical/External"
"928","2690","Fluocinonide Topical Gel 0.05%w/w","15gm Tube","0","Dermatology/Topical/External"
"929","2810","Fluoxetine 10 Mg Tablet","10's","0","Central Nervous System (CNS)"
"930","2811","Fluoxetine Capsules 60Mg","10's","0","Central Nervous System (CNS)"
"931","325","Fluoxetine Hydrochloride Capsules IP 20mg","10's","9.08","Central Nervous System (CNS)"
"932","1624","Flupentixol 0.5mg and Melitracen 10mg Tablets","10's","18.75","Central Nervous System (CNS)"
"933","677","Flupentixol Tablets 0.5 mg","10's","10.31","Central Nervous System (CNS)"
"934","2316","Flupentixole 0.5mg and Nortriptyline 10mg Tablets","10's","14.06","Central Nervous System (CNS)"
"935","2169","Flupirtine Maleate Capsules 100mg","10's","32.81","Analgesic/Antipyretic/Anti-Inflammatory"
"936","2314","Flurbiprofen 0.03% w/v Eye Drop 5ml","5ml Drop bottle in Mono Carton","14.06","Opthalmic/Otic"
"937","2317","Fluromethalone 0.1% w/v Eye Drop 5ml","5ml Drop bottle in Mono Carton","28.13","Opthalmic/Otic"
"938","1315","Fluticasone Furoate Nasal Spray 27.5mcg","120 MDI","129.38","Respiratory"
"939","1625","Fluticasone Propionate Cream IP 0.05%","10 g","18.75","Dermatology/Topical/External"
"940","560","Fluticasone Propionate Nasal Spray IP 50 mcg","100 MD","75","Respiratory"
"941","544","Fluticasone Propionate Respules 0.5mg per 2ml","2 ML","15.94","Respiratory"
"942","1124","Fluvoxamine Maleate Tablets IP 100mg","10's","69.38","Central Nervous System (CNS)"
"943","9058","Foldable Commode Stool (U - Shape)","One in Mono-Carton","0","Surgical & Medical Consumables"
"944","593","Folic Acid 15mg, Cyanocobalamine 500mcg and Nicotinamide 200mg Injection","10 ML","37.5","Supplement/Vitamin/Mineral"
"945","224","Folic Acid Tablets IP 5 mg","15's","4.54","Supplement/Vitamin/Mineral"
"946","9061","Foot Elevator Pillow with Adjustable Hook and Loop","One in Mono-Carton","0","Surgical & Medical Consumables"
"947","530","Formoterol 6mcg and Budesonide 200mcg Rotacaps","30's","79.69","Respiratory"
"948","897","Formoterol 6mcg and Fluticasone Propionate 250mcg Inhaler","120 MDI","271.88","Respiratory"
"949","1628","Formoterol Fumarate 12mcg and Budesonide 400mcg Powder for Inhalation IP","30's","93.75","Respiratory"
"950","1631","Formoterol Fumarate 20mcg and Budesonide 0.5mg Respirator Suspension","2 ml","15.47","Respiratory"
"951","1632","Formoterol Fumarate 20mcg and Budesonide 1mg Respirator Suspension","2 ml","18.75","Respiratory"
"952","1626","Formoterol Fumarate 6mcg and Budesonide 200mcg Inhaler","120 MD","154.69","Respiratory"
"953","1627","Formoterol Fumarate 6mcg and Budesonide 400mcg Inhaler","120 MD","164.06","Respiratory"
"954","1630","Formoterol Fumarate 6mcg and Budesonide 400mcg Powder for Inhalation IP","30's","79.69","Respiratory"
"955","1633","Formoterol Fumarate 6mcg and Fluticasone Propionate 250mcg Powder for Inhalation","30's","103.13","Respiratory"
"956","1635","Framycetin Skin Cream 1 %","30 g","0","Dermatology/Topical/External"
"957","2108","Frusemide 20mg and Spironolactone 25mg Tablets","10's","0","Diuretic"
"958","899","Frusemide 20mg and Spironolactone 50mg Tablets","10's","28.88","Diuretic"
"959","2559","Frusemide 40mg and Amiloride 5mg Tablets","10's","0","Urology"
"960","2560","Frusemide 40mg and Potassium Chloride 600mg (CR) Tablets","10's","0","Urology"
"961","278","Frusemide Injection IP 10 mg per ml","2 ml","2.81","Diuretic"
"962","279","Frusemide Tablets IP 40 mg","10's","4.94","Diuretic"
"963","1637","Fungal Diastase 180mg, Papain 60mg and Activated Charcoal 75mg Tablets","10's","0","Enzyme Preparation"
"964","1636","Fungal Diastase with Carminatives Syrup","200 ml","42.19","Enzyme Preparation"
"965","193","Furazolidone Tablets IP 100 mg","10's","0.94","Gastrointestinal (GIT)"
"966","1638","Fusidic Acid 2% w/w and Betamethasone Valerate 0.1% w/w Cream","15 g","33.75","Dermatology/Topical/External"
"967","2421","Fusidic Acid 2%w/w and Hydrocortisone Acetate Cream 1% w/w","15gm Lami-Tube in Monopack","79.69","Dermatology/Topical/External"
"968","120","Fusidic Acid Cream IP 2% w/w","5 gm Tube","23.44","Dermatology/Topical/External"
"969","1639","Gabapentin 100 mg and Nortryptyline 10 mg Tablet","15's","23.44","Central Nervous System (CNS)"
"970","900","Gabapentin 100mg and Methylcobalamin 500mcg Tablets","10's","37.43","Central Nervous System (CNS)"
"971","2561","Gabapentin 200mg and Nortriptyline 10mg Tablets","10's","18.75","Central Nervous System (CNS)"
"972","1228","Gabapentin 300mg and Amitriptyline 10mg Tablets","10's","51.56","Respiratory"
"973","1640","Gabapentin 300mg and Methylcobalamin 500mcg Tablet","10's","41.25","Central Nervous System (CNS)"
"974","1111","Gabapentin 400mg and Nortriptyline 10mg Tablets","10's","56.72","Central Nervous System (CNS)"
"975","2562","Gabapentin 6% w/w, Lignocaine 5% w/w and Baclofen 2% w/w gel","30g","60.94","Central Nervous System (CNS)"
"976","901","Gabapentin Capsules IP 300mg","10's","28.36","Central Nervous System (CNS)"
"977","1319","Gabapentin Tablets IP 100 mg","10's","15.88","Central Nervous System (CNS)"
"978","661","Gama Benzene Hexachloride 1%w/v and Cetrimide 0.1%w/v lotion","100 ml","51.56","Dermatology/Topical/External"
"979","1882","Gatifloxacin 0.3 % w/v and Prednisolone 1% w/v Eye Drops","10ml Drops","23.44","Opthalmic/Otic"
"980","1881","Gatifloxacin 0.3% w/v and Dexamethasone 0.1% w/v Eye Drops","5ml Drops","18.75","Opthalmic/Otic"
"981","1214","Gefitinib Tablets IP 250 mg","10's","412.5","Oncology"
"982","159","Gemcitabine Injection IP 1000mg","Vial","783.75","Oncology"
"983","160","Gemcitabine Injection IP 200mg","Vial","225","Oncology"
"984","1883","Gentamicin 0.3% w/v and Dexamethasone 0.1% w/v Eye Drops","10ml Drops","0","Opthalmic/Otic"
"985","345","Gentamicin Eye Drops IP 0.3% w/v","10 ml","5.63","Opthalmic/Otic"
"986","94","Gentamicin Sulphate Injection IP 80 mg per 2ml","2 ml","5.09","Antibiotics"
"987","580","Ginseng, Multivitamins and multiminerals Capsules","10's","34.03","Supplement/Vitamin/Mineral"
"988","1643","Glargine 100 IU Pre-filled Disposable Pen","3ml Pre-filled Pen","415","Anti-Diabetic"
"989","1644","Glibenclamide 5 mg, Metformin 500 mg and Pioglitazone 15 mg Tablet","10's","25.78","Anti-Diabetic"
"990","713","Glibenclamide 5mg and Metformin Hydrochloride 500mg Tablets IP","10's","12.38","Anti-Diabetic"
"991","133","Glibenclamide Tablets IP 2.5 mg","10's","2.81","Anti-Diabetic"
"992","134","Glibenclamide Tablets IP 5 mg","10's","5.68","Anti-Diabetic"
"993","2812","Gliclazide + Pioglitazone + Metformin Tablet (30/15/500 Mg)","10's","0","Anti-Diabetic"
"994","2813","Gliclazide + Pioglitazone + Metformin Tablet (60/15/500 Mg)","10's","0","Anti-Diabetic"
"995","2676","Gliclazide 60 mg (Extended Release) and Metformin Hydrochloride 1000 mg (Extended Release) Tablets","10's","68.44","Anti-Diabetic"
"996","1645","Gliclazide 60mg (Modified Release) and Metformin 500mg (Extended Release) Tablets","10's","28.13","Anti-Diabetic"
"997","1240","Gliclazide 80mg and Metformin Hydrochloride 500mg Tablets","10's","29.49","Anti-Diabetic"
"998","368","Gliclazide Extended release Tablets 60 mg","10's","45.38","Anti-Diabetic"
"999","135","Gliclazide Tablets IP 40 mg","10's","15.88","Anti-Diabetic"
"1000","136","Gliclazide Tablets IP 80 mg","10's","24.75","Anti-Diabetic"
"1001","2170","Glimepiride IP 0.5mg Tablets","10's","3.28","Anti-Diabetic"
"1002","747","Glimepiride Tablets  IP 3mg","10's","6.81","Anti-Diabetic"
"1003","137","Glimepiride Tablets IP 1mg","10's","4.54","Anti-Diabetic"
"1004","138","Glimepiride Tablets IP 2mg","10's","5.68","Anti-Diabetic"
"1005","748","Glimepiride Tablets IP 4mg","10's","8.25","Anti-Diabetic"
"1006","366","Glipizide 5mg and Metformin Hydrochloride 500mg Tablets","10's","9.28","Anti-Diabetic"
"1007","141","Glipizide Tablet IP 5 mg","10's","4.74","Anti-Diabetic"
"1008","8122","GLUCOMETER DIGITAL (1 glucometer, 25 strips, 25 lancets,1 lancing device,1 battery 3V, Warranty card)","1 Kit","492.19","Surgical & Medical Consumables"
"1009","8121","Glucometer Test Strip","25 Strips","210.94","Surgical & Medical Consumables"
"1010","671","Glucosamine 500mg and Diacerein 50mg Tablets","10's","51.56","Ortho"
"1011","670","Glucosamine 750mg , Diacerein 50mg and Methylsulfonylmethane 250mg Tablets","10's","51.05","Ortho"
"1012","1650","Glucosamine 750mg and Chondroitin 100mg Tablets","10's","173.44","Ortho"
"1013","2171","Glucosamine Sulphate 1500mg Tablets","10's","0","Ortho"
"1014","835","Glucosamine Sulphate 500mg and Chondroitin 400mg Tablets","10's","79.69","Ortho"
"1015","2109","Glucosamine Tablets USP 500mg","30's in Bottle","75","Ortho"
"1016","715","Glycerin IP 98%W/W","50 GM","22.69","Dermatology/Topical/External"
"1017","906","Glyceryl Trinitrate Controlled Release Tablets 2.6mg (Nitroglycerin Controlled Release Tablets)","30's","51.57","Cardiovascular System (CVS)"
"1018","1993","Glycolic Acid 1% w/w and Aloe Vera 5% w/w Face Wash","100gm Tube","56.25","Derma Care"
"1019","1994","Glycolic Acid 1% w/w, Aloe Vera 5% w/w and Salicylic Acid 2% w/w Facewash","60ml Flip top Lemitube","0","Derma Care"
"1020","2422","Glycolic Acid 2% w/v, Salicylic acid 1% w/v, Niacinamide 0.5%w/v, Licorice Extract 1% w/v, Vitamin E 0.2% w/v and Aloe Vera 1% w/v Face Wash","100ml Flip-top Bottle","0","Derma Care"
"1021","2814","Glycolic Acid Cream 12%","30GM","0","Dermatology/Topical/External"
"1022","2815","Glycolic Acid Cream 6%","30GM","0","Dermatology/Topical/External"
"1023","1191","Glycopyrrolate Injection IP 0.2mg","1 ml","6.56","Gastrointestinal (GIT)"
"1024","2816","Glycopyrrolate Tablet 1Mg","10's","0","Gastrointestinal (GIT)"
"1025","2817","Glycopyrrolate Tablet 2Mg","10's","0","Gastrointestinal (GIT)"
"1026","392","Griseofulvin Tablets IP 250 mg","10's","15","Anti-Fungal"
"1027","2217","Guaifenesin 100mg, Terbutaline 1.25 mg and Ambroxol 15mg Syrup per 5ml (Suger free)","100 ml","28.13","Respiratory"
"1028","2216","Guaifenesin 50mg, Terbutaline 1.25 mg and Ambroxol 30 mg Syrup per 5ml (Suger free)","100 ml","28.13","Respiratory"
"1029","1657","Guaifenesin 50mg, Terbutaline 1.25 mg and Bromhexine 2 mg Expectorant","100 ml","25.78","Respiratory"
"1030","1248","Haematinic Syrup of Iron 32mg ,Folic Acid 0.5mg and Vitamin B12 7.5mcg","200 ml Bottle","43.32","Supplement/Vitamin/Mineral"
"1031","2818","Halobetasol & Fusidic Acid Cream 0.05/2%","10GM","0","Dermatology/Topical/External"
"1032","2055","Halobetasol Propionate Ointment 0.05% w/w","15gm Lemi Tube","28.13","Dermatology/Topical/External"
"1033","1473","Hand Sanitizer 100 ml (Each pack contains: Ethanol 70% v/v and Chlorhexidine Gluconate 0.5% w/v)","100 ml","40","Antiseptic/Disinfectants"
"1034","1475","Hand Sanitizer 250 ml (Each pack contains: Ethanol 70% v/v and Chlorhexidine Gluconate 0.5% w/v)","250 ml","100","Antiseptic/Disinfectants"
"1035","1474","Hand Sanitizer 500 ml (Each pack contains: Ethanol 70% v/v and Chlorhexidine Gluconate 0.5% w/v)","500 ml","200","Antiseptic/Disinfectants"
"1036","8196","Heating Pad (Electrical)","1’s in Mono Carton","0","Surgical & Medical Consumables"
"1037","419","Heparin Sodium 50IU and Benzyl Nicotinate 2mg Ointment","20 gm","37.5","Anticoagulant"
"1038","281","Heparin Sodium Injection IP 25000 IU","5 ml","187.5","Anticoagulant"
"1039","280","Heparin Sodium Injection IP 5000 IU","5 ml","40.22","Anticoagulant"
"1040","8113","Hernia Belt (Small)","1's mono-carton","180","Surgical & Medical Consumables"
"1041","1884","Homatropine Hydrobromide Eye Drops IP 2% w/v","5ml Drops","26","Opthalmic/Otic"
"1042","7001","Hot Water Bag (Small)","1's","160","Surgical & Medical Consumables"
"1043","910","Human Chorionic Gonadotrophin IP 5000 IU (Powder for injection with solvent)","Vial and solvent","215","Gynaecology"
"1044","1659","Human Normal Immunoglobulin for Intravenous use IP 5%","100 ml","10000","Vaccines"
"1045","1660","Human Normal Immunoglobulin IP 16.5% (For IM use)","2 ml vial","0","Vaccines"
"1046","2819","Human Papillomavirus Quadrivalent (Types 6, 11, 16, And 18) Vaccine, Recombinant","0.5 ml in 1 prefilled syringe","0","Oncology"
"1047","912","Hydrochlorothiazide Tablets IP 12.5mg","10's","5.63","Cardiovascular System (CVS)"
"1048","2691","Hydrochlorothiazide Tablets IP 25 mg","10's","8.44","Diuretic"
"1049","2423","Hydrocortisone Acetate Cream IP 1% w/w","15 g","28.13","Dermatology/Topical/External"
"1050","913","Hydrocortisone Sodium Succinate Injection IP 100mg","Vial","20","Steroids & Hormones"
"1051","2692","Hydrocortisone Tablets 10mg","10's","18.75","Steroids & Hormones"
"1052","2693","Hydrocortisone Tablets 5mg","10's","10.31","Steroids & Hormones"
"1053","9055","Hydrophillic Foam Silver Wound Dressing (Non-Adhesive) 5cm x 5cm","Pack of 5 pcs","0","Surgical & Medical Consumables"
"1054","2563","Hydroquinone 2% w/w, Tretinoin 0.05% w/w and Fluocinolone acetonide 0.01% w/w Cream","20g","0","Dermatology/Topical/External"
"1055","459","Hydroquinone 2%w/w, Mometasone 0.1%w/w and Tretinoin 0.025%w/w Cream","20 gm","27.23","Dermatology/Topical/External"
"1056","2564","Hydroquinone 4% w/w, Tretinoin 0.05% w/w and Fluocinolone acetonide 0.01% w/w cream, 20g","15g in Mono-carton","0","Dermatology/Topical/External"
"1057","1476","Hydroxychloroquine Tablet IP 400 mg","10's","76.88","Anti-Malarial"
"1058","509","Hydroxychloroquine Tablets IP 200 mg","10's","34.18","Anti-Malarial"
"1059","2219","Hydroxyprogesterone Injection 250mg","1ml ampoule in Mono blister pack","28.13","Gynaecology"
"1060","2220","Hydroxyprogesterone Injection IP 500mg","2ml Ampoule in Mono blister","46.88","Gynaecology"
"1061","1661","Hydroxypropylmethylcellulose Eye Drop 0.3% w/v","10 ml","28.13","Opthalmic/Otic"
"1062","1199","Hydroxyurea Capsules IP 500mg","10's","66","Oncology"
"1063","2565","Hydroxyzine Hydrochloride Drops 6mg per ml","15ml in Mono-carton with screw dropper","18.75","Anti-Histaminic"
"1064","2566","Hydroxyzine Hydrochloride Syrup 10mg per 5ml","100ml with measuring cap","23.44","Anti-Histaminic"
"1065","915","Hydroxyzine Hydrochloride Tablets IP 10mg","10's","7.22","Anti-Histaminic"
"1066","1662","Hydroxyzine Tablets IP 25mg","15's","11.25","Anti-Histaminic"
"1067","1663","Hyoscine Butylbromide 10mg and Mefenamic Acid 250mg Tablets","10's","46.88","Gastrointestinal (GIT)"
"1068","194","Hyoscine Butylbromide Tablets IP 10 mg","10's","16.5","Gastrointestinal (GIT)"
"1069","6035","I.V Cannula (Sterile, Disposable), 18 G","1's","14.06","Surgical & Medical Consumables"
"1070","6036","I.V Cannula (Sterile, Disposable), 20 G","1's","14.06","Surgical & Medical Consumables"
"1071","6037","I.V Cannula (Sterile, Disposable), 22 G","1's","14.06","Surgical & Medical Consumables"
"1072","6038","I.V Cannula (Sterile, Disposable), 24 G","1's","14.06","Surgical & Medical Consumables"
"1073","5037","I.V Cannula (Sterile, Disposable), 26 G","1's pack","15.94","Surgical & Medical Consumables"
"1074","2173","Ibandronic Acid Tablets 150mg","1's","304.69","Ortho"
"1075","2820","Ibrutinib Capsule 140 Mg","30's in Bottle","0","Oncology"
"1076","1664","Ibuprofen 100mg and Paracetamol/Acetaminophen 162.5mg Oral Suspension","100 ml","21.56","Analgesic/Antipyretic/Anti-Inflammatory"
"1077","14","Ibuprofen 400mg and Paracetamol 325mg Tablets IP","10's","8.25","Analgesic/Antipyretic/Anti-Inflammatory"
"1078","2567","Ibuprofen Oral Suspension 100mg/5ml","100ml","11.25","Analgesic/Antipyretic/Anti-Inflammatory"
"1079","15","Ibuprofen Tablets IP 200 mg","10's","2.81","Analgesic/Antipyretic/Anti-Inflammatory"
"1080","16","Ibuprofen Tablets IP 400 mg","15's","9.08","Analgesic/Antipyretic/Anti-Inflammatory"
"1081","8134","Ice bag","1's","20","Surgical & Medical Consumables"
"1082","1201","Ifosfamide Injection IP 1gm","VIAL","159.38","Oncology"
"1083","2568","Iguratimod Tablets 25mg","10's","93.75","Ortho"
"1084","2569","Ilaprazole (gastro-resistant) 10mg and Domperidone (Prolonged release) 30mg capsules","10's","32.81","Gastrointestinal (GIT)"
"1085","2174","Ilaprazole Tablets 10mg","10's","23.44","Gastrointestinal (GIT)"
"1086","916","Imatinib Mesylate Tablets IP 400mg","10's","210.94","Oncology"
"1087","2570","Imeglimin Hydrochloride Tablets 1000mg","10's","0","Anti-Diabetic"
"1088","2571","Imeglimin Hydrochloride Tablets 500mg","10's","55.31","Anti-Diabetic"
"1089","376","Imipenem 500mg and Cilastatin 500mg Injection IP","Vial & Wfi","309.38","Antibiotics"
"1090","2821","Imipramine + Diazepam Tablet (25/2 Mg)","10's","0","Central Nervous System (CNS)"
"1091","2822","Imipramine + Diazepam Tablet (25/5 Mg)","10's","0","Central Nervous System (CNS)"
"1092","917","Imipramine Hydrochloride Tablets IP 25mg","10's","4.69","Central Nervous System (CNS)"
"1093","1665","Indacaterol 110mcg and Glycopyrronium 50mcg powder for Inhalation","30 capsules and 1 inhaler","686.25","Respiratory"
"1094","2572","Indacaterol 150mcg and Mometasone Furoate 160mcg Powder for Inhalation","15's in Bottle with Mono-carton","0","Respiratory"
"1095","2573","Indacaterol 150mcg and Mometasone Furoate 320mcg Powder for Inhalation","15's in Bottle with Mono-carton","0","Respiratory"
"1096","2574","Indacaterol 150mcg and Mometasone Furoate 80mcg Powder for Inhalation","15's in Bottle with Mono-carton","0","Respiratory"
"1097","438","Indapamide Tablets IP 1.5 mg","10's","24.38","Cardiovascular System (CVS)"
"1098","17","Indomethacin Capsules IP 25 mg","10's","12.19","Analgesic/Antipyretic/Anti-Inflammatory"
"1099","6027","Infant Feeding Tube, Sterile (Size-10 Fg, length 50 cm)","1's","9.38","Surgical & Medical Consumables"
"1100","6029","Infant Feeding Tube, Sterile (Size-5 Fg, length 50 cm)","1's","9.38","Surgical & Medical Consumables"
"1101","6028","Infant Feeding Tube, Sterile (Size-8 Fg, length 50 cm)","1's","9.38","Surgical & Medical Consumables"
"1102","629","Inhalent Softgel Capsules (Camphor 25mg, Chlorothymol 5mg, Eucalyptol 130mg, Menthol 55mg, Turpineol 110mg)","10's","26.25","Respiratory"
"1103","2694","Inosine Pranobex Tablets 500 mg","10's","271.88","Anti-Viral"
"1104","1965","Insulin Aspart Injection IP 100IU per ml","10ml Vial","0","Anti-Diabetic"
"1105","363","Insulin Glargine Injection IP 100 IU per ml","Cartridge 3 ml","340","Anti-Diabetic"
"1106","143","Insulin Injection IP 40 IU per ml (Insulin Human Soluble 30% and Isophane 70%)","10 ml Vial","91.35","Anti-Diabetic"
"1107","1460","Insulin Pen","1's","0","Anti-Diabetic"
"1108","6033","Insulin Syringe (40 units) with 30G needle","1's","5.16","Surgical & Medical Consumables"
"1109","9045","Insulin/Medicine Cooling Case","1 Cooling Case, 2 unit Gel Cool Pack, 1 Unit Insulin Pen Folder and 1 Carry Bag","0","Surgical & Medical Consumables"
"1110","2575","Ipratropium Bromide Inhaler 20mcg","200 MDI","0","Respiratory"
"1111","566","Ipratropium Bromide Respirator Solution 250mcg","15 ML","26.25","Respiratory"
"1112","2175","Iron Sucrose Injection","1's","30.94","Electrolytes"
"1113","922","Isopropyl Alcohol IP (70%) (Spirit)","100 ML bottle","40","Dermatology/Topical/External"
"1114","1669","Isosorbide 20mg and Hydralazine 37.5mg Tablets","10's","0","Cardiovascular System (CVS)"
"1115","283","Isosorbide Dinitrate Tablets IP 10mg","50's","19.69","Cardiovascular System (CVS)"
"1116","443","Isosorbide Dinitrate Tablets IP 5 mg","50's","18.75","Cardiovascular System (CVS)"
"1117","433","Isosorbide Mononitrate Sustained Release Tablets 30 mg","30's","65.63","Cardiovascular System (CVS)"
"1118","2110","Isosorbide Mononitrate Sustained release Tablets 50mg","10's","0","Cardiovascular System (CVS)"
"1119","923","Isosorbidemononitrate Tablets IP 20mg","10's","8.25","Cardiovascular System (CVS)"
"1120","2111","Isotretinoin Capsules IP 10mg","10's","28.13","Derma Care"
"1121","1670","Isotretinoin Capsules IP 20mg","10's","46.88","Derma Care"
"1122","924","Isoxsuprine Hydrochloride Tablets IP 10mg","50's","42.19","Cardiovascular System (CVS)"
"1123","1328","Isoxsuprine Injection IP 5 mg","2 ml Vial","9.38","Gynaecology"
"1124","491","Itopride Tablets IP 50 mg","10's","33.75","Gastrointestinal (GIT)"
"1125","2424","Itraconazole (1% w/w) Gel","15 g","28.13","Anti-fungal"
"1126","384","Itraconazole Capsules 100 mg","4's","24.96","Anti-Fungal"
"1127","2695","Itraconazole Capsules 130mg","10's","70.31","Anti-Fungal"
"1128","1456","Itraconazole Capsules 200 mg","4's","36.3","Anti-Fungal"
"1129","2696","Itraconazole Capsules 65mg","10's","42.19","Anti-Fungal"
"1130","2576","Itraconazole Dusting Powder 1% w/w","30g","0","Anti-Fungal"
"1131","2697","Itraconazole Eye drops 1% w/v","5ml Drops","0","Anti-Fungal"
"1132","8116","IV Cannula Fixator (Medium 6cm x 5cm)","1's pack","9.38","Surgical & Medical Consumables"
"1133","1671","Ivabradine Tablets 5mg","15's","92.82","Cardiovascular System (CVS)"
"1134","2577","Ivermectin 1.5mg and Albendazole 200mg Oral Suspension","10ml in Mono-carton","9.38","Anthelmintic"
"1135","2425","Ivermectin Cream 1% w/w","15 g","28.13","Anthelmintic"
"1136","407","Ivermectin Dispersible Tablets 12 mg","10's","21.66","Anthelmintic"
"1137","1445","Jan Pudina Soft Gel Capsules","10's","16.5","Gastrointestinal (GIT)"
"1138","5079","Janaushadhi Ankur (HCG- Pregnancy Test Kit)","1's","18.75","Surgical & Medical Consumables"
"1139","2503","Janaushadhi Antiseptic Bandage Spray (Cetrimide 0.10% w/w with Lidocaine 1.0% w/w Spray)","50ml","0","Antiseptic/Disinfectants"
"1140","8111","Janaushadhi Bachpan (Baby Diaper (New Born))","5's","30.94","Surgical & Medical Consumables"
"1141","8110","Janaushadhi Bachpan (Baby Diaper (Small))","5's","30.94","Surgical & Medical Consumables"
"1142","9033","Janaushadhi Bachpan (Baby Diaper; Pant Style; Large (9Kg - 13Kg))","10's in Mono-Pack","135.94","Surgical & Medical Consumables"
"1143","9032","Janaushadhi Bachpan (Baby Diaper; Pant Style; Medium (6Kg - 11Kg))","10's in Mono-Pack","93.75","Surgical & Medical Consumables"
"1144","9038","Janaushadhi Bachpan (Baby Diaper; Pant Style; New Born (2Kg - 5Kg))","10's in Mono-Pack","79.69","Surgical & Medical Consumables"
"1145","9031","Janaushadhi Bachpan (Baby Diaper; Pant Style; Small (3Kg - 8Kg))","10's in Mono-Pack","84.38","Surgical & Medical Consumables"
"1146","2510","Janaushadhi Burn Relief Spray (Lidocaine 3% w/w and Benzethonium 0.20% w/w Spray)","50ml","0","Burn Relief"
"1147","2784","Janaushadhi Energy Drink (Orange Flavour)","200ml Tetra Pack","0","Nutraceuticals"
"1148","2558","Janaushadhi Footcare Cream (Urea 10% w/w, Lactic acid 10% w/w, Propylene Glycol 10% w/w, Light Liquid Paraffin 10% w/w)","50g","32.81","Footcare Cream"
"1149","1465","Janaushadhi Immunity Bar (10 gm)","1's Bar","8.9","Nutraceuticals"
"1150","1472","Janaushadhi Janani (Vanilla) 250 gm","1's Tin 250g","200.21","Nutraceuticals"
"1151","1447","Janaushadhi Janani 250g","1's Tin 250g","200.21","Nutraceuticals"
"1152","9007","Janaushadhi Kavach (Male Latex Condom (1740 Dot))","Three in Mono-Pack","15","Surgical & Medical Consumables"
"1153","9005","Janaushadhi Kavach (Male Latex Condom (Extra Thin))","Three in Mono-Pack","12","Surgical & Medical Consumables"
"1154","9006","Janaushadhi Kavach (Male Latex Condom (Normal Dot))","Three in Mono-Pack","12","Surgical & Medical Consumables"
"1155","9004","Janaushadhi Kavach (Male Latex Condom (Plain))","Three in Mono-Pack","12","Surgical & Medical Consumables"
"1156","9008","Janaushadhi Kavach (Male Latex Condom (Ribbed))","Three in Mono-Pack","15","Surgical & Medical Consumables"
"1157","9009","Janaushadhi Kavach (Male Latex Condom (Three In One))","Three in Mono-Pack","12","Surgical & Medical Consumables"
"1158","1712","Janaushadhi Mosquito Repellent Cream (N, N-Diethyl Benzamide 12% w/w Mosquito Repellent Cream)","50 gm","30","Mosquito Repellent"
"1159","2608","Janaushadhi Mouth Ulcer Gel (Choline Salicylate 8.7% w/w, Lignocaine Hydrochloride 2% w/w & Benzalkonium Chloride 0.01% w/w)","10g","14.06","Mouth Ulcer Gel"
"1160","1441","Janaushadhi Nirmal (Nicotine Polacrilex Chewing Gum 2 mg))","1 x 9's (mono carton pack)","46.2","Smoking Cessation"
"1161","2778","Janaushadhi Onco-Care Protein Powder","500g HDPE Container","0","Nutraceuticals"
"1162","2617","Janaushadhi Pain Relief Spray (Wintergreen Tel 20% w/w, karpura 10% w/w, turpentine Oil 10% w/w, Nilgiri ka Tel 6% w/w, Pudina ka Phool 4% w/w, Lavang ka Tel 1% w/w, Cinnamon Oil 0.5% w/w)","50ml","0","Analgesic/Antipyretic/Anti-Inflammatory"
"1163","2779","Janaushadhi Poshan (Malt based food with Cocoa, 1000gm)","1000g HDPE Container","266.95","Nutraceuticals"
"1164","2248","Janaushadhi Poshan (Malt based food with Cocoa, 30gm)","30g Sachet","8.9","Nutraceuticals"
"1165","1471","Janaushadhi Poshan (Malt based food with Cocoa, 500gm)","1's Screw Cap Plastic Jar","164.62","Nutraceuticals"
"1166","2780","Janaushadhi Poshan (Malt based food, 1000gm)","1000g HDPE Container","266.95","Nutraceuticals"
"1167","1459","Janaushadhi Poshan (Malt based food, 500gm)","1's Screw Cap Plastic Jar","160.17","Nutraceuticals"
"1168","1464","Janaushadhi Protein Bar (35 gm)","1's Bar","40.04","Nutraceuticals"
"1169","1467","Janaushadhi Protein Powder (Kesar Pista) 250 gm","1's Tin 250g","177.97","Nutraceuticals"
"1170","1466","Janaushadhi Protein Powder (Vanilla) 250 gm","1's Tin 250g","177.97","Nutraceuticals"
"1171","1440","Janaushadhi Protein Powder 250g","1's Tin 250g","177.97","Nutraceuticals"
"1172","2782","Janaushadhi Ragi Malt based food (1000gm)","1000g HDPE Container","0","Nutraceuticals"
"1173","2781","Janaushadhi Ragi Malt based food (500gm)","500g HDPE Container","169.07","Nutraceuticals"
"1174","2783","Janaushadhi Ragi Sticks (Chocolate)","Screw-cap plastic container","0","Nutraceuticals"
"1175","5009","Janaushadhi Suraksha (Adhesive Bandages Washproof)","1's","1.03","Surgical & Medical Consumables"
"1176","9030","Janaushadhi Suvidha (Oxo- Biodegradable Sanitary Napkins Regular Size with Wings)","Pack of 10 Sanitary Napkins","30","Surgical & Medical Consumables"
"1177","8140","Janaushadhi Suvidha (Oxo- Biodegradable Sanitary Napkins Regular Size with wings)","Pack of 4 Sanitary Napkins","4","Surgical & Medical Consumables"
"1178","8145","Janaushadhi Suvidha (Oxo-Biodegradable Sanitary Napkin regular size with wings)","Pack of 10 Sanitary Napkins","10","Surgical & Medical Consumables"
"1179","8142","Janaushadhi Suvidha (Oxo-Biodegradable Sanitary Napkins Extra Large (XL) Size with wings)","Pack of 4 Sanitary Napkins","15","Surgical & Medical Consumables"
"1180","8141","Janaushadhi Suvidha (Oxo-Biodegradable Sanitary Napkins Large Size with wings)","Pack of 4 Sanitary Napkins","12","Surgical & Medical Consumables"
"1181","8199","Janaushadhi Suvidha (Oxo-Biodegradable Sanitary Napkins Regular Size With Wings)","Pack of 5 Sanitary Napkins","5","Surgical & Medical Consumables"
"1182","8108","Janaushadhi Swabhiman (Adult Diaper (Large))","5's","131.25","Surgical & Medical Consumables"
"1183","8107","Janaushadhi Swabhiman (Adult Diaper (Medium))","5's","121.88","Surgical & Medical Consumables"
"1184","8109","Janaushadhi Swabhiman (Adult Diaper (XL))","5's","150","Surgical & Medical Consumables"
"1185","9037","Janaushadhi Swabhiman (Adult Diaper; Pant Style Extra Large; Waist Size: 48 inch - 65 inch)","10's in Mono-Pack","0","Surgical & Medical Consumables"
"1186","9036","Janaushadhi Swabhiman (Adult Diaper; Pant Style Large; Waist Size: 38 inch - 54 inch)","10's in Mono-Pack","379.69","Surgical & Medical Consumables"
"1187","9035","Janaushadhi Swabhiman (Adult Diaper; Pant Style Medium; Waist Size: 28 inch - 45 inch)","10's in Mono-Pack","346.88","Surgical & Medical Consumables"
"1188","9034","Janaushadhi Swabhiman (Adult Diaper; Pant Style Small; Waist Size: 28 inch - 35 inch)","10's in Mono-Pack","0","Surgical & Medical Consumables"
"1189","1443","Janaushadhi Urja (Glucose Powder (Orange Flavour) 100 g)","100 gm Tetra pack","26.69","Nutraceuticals"
"1190","2775","Janaushadhi Urja (Glucose Powder (Orange Flavour) 1kg)","1kg Screw-Cap jar with scoop","0","Nutraceuticals"
"1191","1442","Janaushadhi Urja (Glucose Powder (Orange Flavour) 300 g)","300 g Box","62.29","Nutraceuticals"
"1192","1444","Janaushadhi Urja (Glucose Powder (Orange Flavour) 500g)","500g Screw-Cap jar with scoop","0","Nutraceuticals"
"1193","2777","Janaushadhi Urja (Glucose Powder 1kg)","1kg Screw-Cap jar with scoop","0","Nutraceuticals"
"1194","2776","Janaushadhi Urja (Glucose Powder 500g)","500g Screw-Cap jar with scoop","0","Nutraceuticals"
"1195","2246","Janaushadhi Women Protein (Chocolate) 250g","250g Jar","204.66","Nutraceuticals"
"1196","2247","Janaushadhi Women Protein (Vanilla) 250 gm","250g Jar","204.66","Nutraceuticals"
"1197","2244","Janushadhi Madhurak (Stevia Natural Sweetener (Liquid))","30ml Drops in Mono Carton","100","Nutraceuticals"
"1198","2245","Janushadhi Madhurak (Stevia Natural Sweetener (Tablets/Pellets))","100's","75","Nutraceuticals"
"1199","1446","Janushadhi Madhurak (Stevia Natural Sweetener)","100 gm Plastic Jar","140","Nutraceuticals"
"1200","8167","Karman cannula 4 mm","1's","37.5","Surgical & Medical Consumables"
"1201","2578","Ketoconazole 2% w/v and Zinc Pyrithione 1% w/v Shampoo","100ml","75","Derma Care"
"1202","926","Ketoconazole Cream 2% w/w","15 gm Tube","20.42","Dermatology/Topical/External"
"1203","2579","Ketoconazole Dusting Powder 2% w/w","30g","26.25","Anti-Fungal"
"1204","122","Ketoconazole Lotion 2% w/v","100 ml Bottle","51.56","Dermatology/Topical/External"
"1205","2365","Ketoconazole Shampoo 2 % w/v (30ml Pouch)","30ml Pouch","18.75","Derma Care"
"1206","626","Ketoconazole Shampoo 2% W/V","100 ml Bottle","63.94","Derma Care"
"1207","1672","Ketoconazole Soap 2%","75 gm Pack","48.46","Derma Care"
"1208","400","Ketoconazole Tablets IP 200 mg","10's","26.25","Anti-Fungal"
"1209","2580","Ketoprofen 2.5% Gel","30g in Mono-carton","0","Analgesic/Antipyretic/Anti-Inflammatory"
"1210","2875","Ketoprofen 30 Mg Patch","7's pack","0","Analgesic/Antipyretic/Anti-Inflammatory"
"1211","2319","Ketorolac (0.5% W/V) and Moxifloxacin (0.5% W/V) Eye Drops","5ml Drop bottle in Mono Carton","18.75","Opthalmic/Otic"
"1212","1168","Ketorolac Injection IP 30mg per ml","1 ml","11.25","Analgesic/Antipyretic/Anti-Inflammatory"
"1213","2061","Ketorolac Tromethamine Dispersible Tablet 10 mg","10's","9.38","Analgesic/Antipyretic/Anti-Inflammatory"
"1214","2112","Ketorolac Tromethamine Ophthalmic Solution 0.4% w/v","5ml Drops","0","Analgesic/Antipyretic/Anti-Inflammatory"
"1215","519","Ketorolac Tromethamine Tablets IP 10mg","10's","9.38","Analgesic/Antipyretic/Anti-Inflammatory"
"1216","8115","Knee Brace Belt (Large)","1's mono-carton","525","Surgical & Medical Consumables"
"1217","8114","Knee Brace Belt (Medium)","1's mono-carton","525","Surgical & Medical Consumables"
"1218","6052","Knee Cap (Large)","Pair","120","Surgical & Medical Consumables"
"1219","6051","Knee Cap (Medium)","Pair","120","Surgical & Medical Consumables"
"1220","6050","Knee Cap (Small)","Pair","120","Surgical & Medical Consumables"
"1221","9039","Knee Cap with patellar ring (Large)","1's pair in sealed poly pack and in Mono-carton","200","Surgical & Medical Consumables"
"1222","9040","Knee Cap with Patellar Ring (Medium)","1's pair in sealed poly pack and in Mono-carton","200","Surgical & Medical Consumables"
"1223","9041","Knee Cap with Patellar Ring (Small)","1's pair in sealed poly pack and in Mono-carton","200","Surgical & Medical Consumables"
"1224","1675","L- Ornithine L-Aspartate Infusion 5gm per 10ml","10 ml","93.75","Supplement/Vitamin/Mineral"
"1225","2581","L-Arginine 3g and Proanthocyanidin 75 mg Granules (Sugar Free)","6.5g Sachet","23.44","Supplement/Vitamin/Mineral"
"1226","1455","L-Arginine Granules 3g","5 gm","16.5","Supplement/Vitamin/Mineral"
"1227","1678","L-carnitine 340mg, Ubidecarenone 50mg, Zinc 5mg, Lycopene 2.5mg and Astaxanthin 8mg Tablets","10's","0","Supplement/Vitamin/Mineral"
"1228","2051","L-Carnitine-L-Tartrate 1000Mg, Co-Enzyme Q10 60Mg, Zinc Oxide (As Elemental Zinc) 12.5Mg, Lycopene 2500Mcg Tablets","10's","194.06","Supplement/Vitamin/Mineral"
"1229","592","L-Lysine + Multivitamins (Vit-B1,B2,B3,B5,B6 ) Syrup","200 ML","48.75","Supplement/Vitamin/Mineral"
"1230","2324","L-Methylfoate Calcium 0.5mg, Vit K2 10mcg, Vit D 400 IU, Methylcobalamin 1500mcg, Pyridoxal-5-Phosphate 1.5mg, Lycopene 5000mcg, Calcium Citrate Malate 250mg Tablets","10's","0","Supplement/Vitamin/Mineral"
"1231","1674","L-Methylfolate 1mg, Pyridoxal-5 Phosphate 0.5mg & Methylcobalamin 1500mcg Tablets","10's","37.5","Supplement/Vitamin/Mineral"
"1232","1673","L-Methylfolate Calcium 2.8mg, Pyridoxal-5-Phosphate 25mg and Mecobalamin 2mg Tablets","10's","56.25","Supplement/Vitamin/Mineral"
"1233","766","L-Methylfolate calcium 7.5mg Tablet","10's","55.31","Supplement/Vitamin/Mineral"
"1234","2040","L-Ornithine L-Aspartate 150mg and Pancreatin 100mg Tablets","10's","28.13","Enzyme Preparation"
"1235","1738","L-Ornithine L-Aspartate 150mg and Pancreatin 100mg Tablets","10's","18.75","Enzyme Preparation"
"1236","450","Labetalol Hydrochloride Tablets IP 100mg","10's","42.19","Cardiovascular System (CVS)"
"1237","458","Labetalol Injection IP 5 mg per ml","4 ml Ampoule","55.31","Cardiovascular System (CVS)"
"1238","2176","Labetalol IP 200mg Tablets","10's","56.25","Cardiovascular System (CVS)"
"1239","2113","Lacosamide Tablets 100mg","10's","52.5","Central Nervous System (CNS)"
"1240","2320","Lactic Acid 1.2% W/V Intimate Hygiene Wash","90ml in Mono Carton","46.88","Gynaecology"
"1241","196","Lactic Acid Bacillus Tablets 60 Million spores","10's","7.94","Gastrointestinal (GIT)"
"1242","1676","Lactitol 10 gm and Ispaghula 3.5 gm Granules","180 gm","187.5","Gastrointestinal (GIT)"
"1243","687","Lactulose Solution IP 10g per 15ml","200 ml","132","Gastrointestinal (GIT)"
"1244","197","Lactulose Solution IP 10g per 15ml","100 ml","57","Gastrointestinal (GIT)"
"1245","2876","Lamivudine 100 Mg Tablets","10's","0","Hepato-Protective"
"1246","1448","Lamotrigine Dispersible Tablets IP 100mg","10's","37.5","Central Nervous System (CNS)"
"1247","1946","Lamotrigine Dispersible Tablets IP 25mg","10's","14.06","Central Nervous System (CNS)"
"1248","1947","Lamotrigine Dispersible Tablets IP 50mg","10's","18.75","Central Nervous System (CNS)"
"1249","931","Lamotrigine Tablets 100mg","10's","41.25","Central Nervous System (CNS)"
"1250","8120","Lancets, Round Sterile, 28G","50 pcs/Box","37.5","Surgical & Medical Consumables"
"1251","488","Lansoprazole Capsules IP 15 mg","10's","18.75","Gastrointestinal (GIT)"
"1252","2321","Lapatinib Tablets IP 250mg","30's Bottle","2710","Oncology"
"1253","2582","Latanoprost 50mcg and Timolol Maleate 5mg Opthalmic solution","2.5ml in Mono-carton","0","Opthalmic/Otic"
"1254","2744","Latanoprost Eye Drops IP 0.005% w/v (50mcg per ml)","3ml Drop","187.5","Opthalmic/Otic"
"1255","1679","Lecithin Capsules 1000mg","10's","56.25","Hepato-Protective"
"1256","2426","Leflunomide 10mg Tablets","10's","32.81","Ortho"
"1257","933","Leflunomide Tablets IP 20mg","10's","69.38","Ortho"
"1258","934","Lenalidomide  Capsules 10mg","10's","435","Oncology"
"1259","2427","Lenalidomide Capsules 25mg","30's in PET bottle in Mono Carton","1387.5","Oncology"
"1260","2428","Lenalidomide Capsules 5mg","30's in PET bottle in Mono Carton","356.25","Oncology"
"1261","2824","Lenvatinib Capsules IP 4Mg","10's bottle","0","Oncology"
"1262","935","Letrozole Tablets IP 2.5mg","10's","31.88","Oncology"
"1263","2583","Leucovorin Calcium Tablets IP 15mg","10's","0","Antidote"
"1264","936","Leuprolide Acetate Injections 3.75mg","1's","1687.5","Oncology"
"1265","2877","Levetiracetam (100Mg) Injection","5.0 ml in 1 vial","0","Central Nervous System (CNS)"
"1266","2878","Levetiracetam 500 Mg Injection","5.0 ml in 1 vial","0","Central Nervous System (CNS)"
"1267","1453","Levetiracetam Oral Solution IP 100mg","100 ml","79.69","Central Nervous System (CNS)"
"1268","2584","Levetiracetam Prolonged Release Tablets IP 1000mg","10's","117.19","Central Nervous System (CNS)"
"1269","1680","Levetiracetam Tablets IP 1000 mg","10's","112.5","Central Nervous System (CNS)"
"1270","1681","Levetiracetam Tablets IP 250 mg","10's","28.13","Central Nervous System (CNS)"
"1271","508","Levetiracetam Tablets IP 500 mg","10's","69.83","Central Nervous System (CNS)"
"1272","2825","Levetiracetam Tablets IP 500 Mg XR","10's","0","Central Nervous System (CNS)"
"1273","1682","Levetiracetam Tablets IP 750 mg","10's","84.38","Central Nervous System (CNS)"
"1274","500","Levo-Thyroxine Sodium Tablets IP 100 mcg","100's","60","Anti-Thyroid"
"1275","938","Levocarnitine Injections 1gm","5 ml","65.63","Supplement/Vitamin/Mineral"
"1276","939","Levocarnitine Tablets 500mg","10's","52.5","Supplement/Vitamin/Mineral"
"1277","2585","Levocetirizine Dihydrochloride 5mg, Montelukast 10mg and Ambroxol Hydrochloride (SR) 75mg Tablets","10's","32.81","Respiratory"
"1278","1683","Levocetirizine Dihydrochloride Tablets IP 10mg","15's","14.44","Anti-Histaminic"
"1279","2698","Levocetirizine Orally Disintegrating Strips 2.5 mg","10's in mono-carton","0","Anti-Histaminic"
"1280","2699","Levocetirizine Orally Disintegrating Strips 5 mg","10's in mono-carton","70.31","Anti-Histaminic"
"1281","248","Levocetrizine Tablets IP 5 mg","10's","7.94","Anti-Histaminic"
"1282","2586","Levocloperastine 20mg and Chlorpheniramine Maleate 4mg per 5ml Oral suspension.","100ml with measuring cap in Mono-carton","60.94","Respiratory"
"1283","2587","Levocloperastine Oral Suspension 20mg per 5ml","100ml","56.25","Respiratory"
"1284","2588","Levodopa 100mg , Carbidopa 25mg and Entacapone 200mg Tablets IP","10's","0","Central Nervous System (CNS)"
"1285","1684","Levodopa 100mg and Carbidopa 25mg Tablets IP","10's","0","Central Nervous System (CNS)"
"1286","2589","Levodopa 150mg , Carbidopa 37.5mg and Entacapone 200mg Tablets IP","10's","0","Central Nervous System (CNS)"
"1287","2429","Levodopa 200mg and Carbidopa 50mg Prolonged Release Tablets IP","10's","0","Central Nervous System (CNS)"
"1288","2590","Levodopa 50mg, Carbidopa 12.5mg and Entacapone 200mg Tablets IP","10's","0","Central Nervous System (CNS)"
"1289","1685","Levodropropizine 30mg and Chlorpheniramine Maleate 2mg Syrup","120 ml","38.44","Respiratory"
"1290","1886","Levofloxacin Eye Drops 0.5 % w/v","5ml Drops","23.44","Opthalmic/Otic"
"1291","705","Levofloxacin Infusion IP 500 mg per 100 ml","100 ML","33.75","Antibiotics"
"1292","95","Levofloxacin Tablets IP 250mg","10's","16.88","Antibiotics"
"1293","96","Levofloxacin Tablets IP 500mg","10's","34.03","Antibiotics"
"1294","2044","Levonorgestrel Tablet IP 1.5 mg","1's in Monopack","20","Gynaecology"
"1295","1689","Levosalbutamol 1.25mg and Budesonide 0.5mg respules","2ml respules","25.31","Respiratory"
"1296","540","Levosalbutamol 1.25mg and Budesonide 1mg Respules","2 ML","25.78","Respiratory"
"1297","529","Levosalbutamol 1.25mg and Ipratropium 500mcg Respules","3 ml","9.28","Respiratory"
"1298","1686","Levosalbutamol 100mcg and Beclomethasone 100mcg Rotacaps","60 s in container","58.13","Respiratory"
"1299","1688","Levosalbutamol 100mcg and Beclomethasone 200mcg Rotacaps","30's","53.63","Respiratory"
"1300","1687","Levosalbutamol 100mcg and Beclomethasone 50mcg Rotacaps","200 MDI","0","Respiratory"
"1301","1690","Levosalbutamol 100mcg and Ipratropium 40mcg Rotacap","60 s in container","70.31","Respiratory"
"1302","2430","Levosalbutamol 50mcg and Beclomethasone 50mcg Inhaler","200 MDI","135.94","Respiratory"
"1303","944","Levosalbutamol Inhaler 50mcg","200 Mdi","77.81","Respiratory"
"1304","1692","Levosalbutamol Respules 0.63mg per 2.5ml","2.5 ml","5.34","Respiratory"
"1305","561","Levosalbutamol Syrup 1mg per 5ml","100 ML","12.38","Respiratory"
"1306","945","Levosulpiride Tablets 25mg","10's","10.31","Gastrointestinal (GIT)"
"1307","1948","Levosulpiride Tablets 50 mg","10's","20.63","Gastrointestinal (GIT)"
"1308","1949","Levosulpiride Tablets 75 mg","10's","30.94","Gastrointestinal (GIT)"
"1309","2322","Lidocaine (3% W/W), Calcium Dobesilate (0.25% W/W), Hydrocortisone (0.25% W/W), Phenylephrine (0.1% W/W), Zinc Oxide (5% W/W), Troxerutin (2% W/W) Cream","30gm Lami Tube","0","Dermatology/Topical/External"
"1310","2591","Lignocaine (Lidocaine) Hydrochloride 1.5% w/w and Nifedipine 0.3% w/w Cream","30g","75","Anaesthetics"
"1311","2592","Lignocaine (Lidocaine) Hydrochloride 2.5% w/w and Prilocaine 2.5% w/w Gel","30g","0","Anaesthetics"
"1312","946","Lignocaine (Lidocaine) Hydrochloride Gel IP 2% W/V","20g","10.31","Anaesthetics"
"1313","2594","Lignocaine 4% w/w, Metronidazole 1% w/w and Sucralfate 7% w/w Cream","20g","32.81","Hemorrhoids & Anal Fissures"
"1314","357","Lignocaine and Adrenaline Injection IP (2%w/v and 1:80000)","30 ml Vial","20.63","Anaesthetics"
"1315","2066","Lignocaine Hydrochloride Injection IP (20ml)","30 ml Vial","16.38","Anaesthetics"
"1316","356","Lignocaine Injection IP 2% w/v","30 ml Vial","15.94","Anaesthetics"
"1317","2595","Linagliptin 2.5mg and Dapagliflozin 10mg Tablets","10's","0","Anti-Diabetic"
"1318","2596","Linagliptin 2.5mg and Dapagliflozin 5mg Tablets","10's","0","Anti-Diabetic"
"1319","1694","Linagliptin 2.5mg and Metformin 1000mg Tablets","10's","36.56","Anti-Diabetic"
"1320","1695","Linagliptin 2.5mg and Metformin 500mg Tablets","10's","32.81","Anti-Diabetic"
"1321","2597","Linagliptin 2.5mg and Metformin 850mg Tablets","10's","33.75","Anti-Diabetic"
"1322","2598","Linagliptin 5mg and Dapagliflozin 10mg Tablets","10's","42.19","Anti-Diabetic"
"1323","2599","Linagliptin 5mg and Dapagliflozin 5mg Tablets","10's","0","Anti-Diabetic"
"1324","2700","Linagliptin 5mg and Metformin Hydrochloride 1000mg Tablets","15's","65.63","Anti-Diabetic"
"1325","1696","Linagliptin Tablets 5mg","10's","39.19","Anti-Diabetic"
"1326","2431","Lincomycin 250mg Capsules","10's","27.19","Antibiotics"
"1327","2432","Lincomycin 500mg Capsules","10's","43.13","Antibiotics"
"1328","404","Linezolid Infusion 600mg per 300ml","300 ml","113.44","Antibiotics"
"1329","382","Linezolid Tablets IP 600 mg","10's","154.69","Antibiotics"
"1330","396","Liposomal Amphotericin B Injection 50 mg per Vial","20 ml","2700","Anti-Fungal"
"1331","476","Liquid Paraffin 1.25ml, Milk of Magnesia 3.75ml and Sodium Picosulphate 3.33mg Suspension per 5ml","170 ml Bottle","58.78","Gastrointestinal (GIT)"
"1332","630","Liquid Paraffin 3.75ml and Milk of Magnesia 11.25ml per 15ml Suspension","170 ml Bottle","34.69","Gastrointestinal (GIT)"
"1333","1149","Lisinopril Tablets IP 10mg","15's","21.56","Cardiovascular System (CVS)"
"1334","286","Lisinopril Tablets IP 5mg","10's","9.38","Cardiovascular System (CVS)"
"1335","947","Lithium Carbonate Prolonged Release Tablets IP 450mg","10's","18.75","Central Nervous System (CNS)"
"1336","2323","Lithium Carbonate Tablets IP 300mg","10's","0","Central Nervous System (CNS)"
"1337","2601","Lobeglitazone Sulfate Tablets 0.5mg","10's","46.88","Anti-Diabetic"
"1338","483","Loperamide Capsules IP 2 mg","10's","7.22","Gastrointestinal (GIT)"
"1339","2065","Lopinavir and Ritonavir Tablets IP (200mg + 50mg)","60's in Bottle","890.63","Anti-Retroviral"
"1340","562","Loratadine Tablets IP 10mg","10's","9.38","Anti-Histaminic"
"1341","948","Lorazepam Tablets IP 1mg","10's","10.31","Central Nervous System (CNS)"
"1342","949","Lorazepam Tablets IP 2mg","10's","12.38","Central Nervous System (CNS)"
"1343","2325","Lorazepam Tablets IP 3mg","10's","16.88","Central Nervous System (CNS)"
"1344","2177","Lornoxicam 8mg and Paracetamol 325mg Tablets","10's","23.44","Analgesic/Antipyretic/Anti-Inflammatory"
"1345","2826","Losartan + Chlorthalidone Tablet (25/6.25 Mg)","10's","0","Cardiovascular System (CVS)"
"1346","2827","Losartan + S- Amlodipine Tablet (50/2.5 Mg)","10's","0","Cardiovascular System (CVS)"
"1347","441","Losartan 50mg and Amlodipine 5mg Tablets IP","10's","22.69","Cardiovascular System (CVS)"
"1348","287","Losartan Potassium 50mg and Hydrochlorothiazide 12.5mg Tabelts IP","10's","13.62","Cardiovascular System (CVS)"
"1349","288","Losartan Tablets IP 25mg","10's","7.94","Cardiovascular System (CVS)"
"1350","289","Losartan Tablets IP 50mg","10's","12.47","Cardiovascular System (CVS)"
"1351","1457","Luliconazole Cream IP 1% w/w","10 gms tube","24.96","Anti-Fungal"
"1352","2433","Luliconazole Cream IP 1% w/w 30gm","30gm Lami-Tube in Monopack","51.57","Anti-fungal"
"1353","8168","Lumbar Spinal Brace (Grey)","1's","770","Surgical & Medical Consumables"
"1354","9016","Lumbo-Sacral Support Belt (Waist and Back Support) (Double Extra Large)","One in Mono-Pack","390","Surgical & Medical Consumables"
"1355","9015","Lumbo-Sacral Support Belt (Waist and Back Support) (Extra Large)","One in Mono-Pack","385","Surgical & Medical Consumables"
"1356","9014","Lumbo-Sacral Support Belt (Waist and Back Support) (Large)","One in Mono-Pack","380","Surgical & Medical Consumables"
"1357","9013","Lumbo-Sacral Support Belt (Waist and Back Support) (Medium)","One in Mono-Pack","375","Surgical & Medical Consumables"
"1358","9012","Lumbo-Sacral Support Belt (Waist and Back Support) (Small)","One in Mono-Pack","370","Surgical & Medical Consumables"
"1359","2701","Lurasidone Hydrochloride Tablets 20 mg","10's","0","Central Nervous System (CNS)"
"1360","2702","Lurasidone Hydrochloride Tablets 40 mg","10's","86.25","Central Nervous System (CNS)"
"1361","2703","Lurasidone Hydrochloride Tablets 80 mg","10's","134.06","Central Nervous System (CNS)"
"1362","2326","Lutein 10mg, Astaxanthin 2mg, Zeaxanthin 2mg, Omega 3 Fatty Acid 500mg Capsules","10's","37.5","Supplement/Vitamin/Mineral"
"1363","951","Lycopene with Multivitamins and Multi Minerals Syrup","200 ml","50.63","Supplement/Vitamin/Mineral"
"1364","2434","Macitentan Tablets 10mg","10's","0","Cardiovascular System (CVS)"
"1365","2377","Madhu (Makshik) 100g","100g PET Bottle","40","Nutraceuticals"
"1366","2378","Madhu (Makshik) 250g","250g PET Bottle","80","Nutraceuticals"
"1367","2379","Madhu (Makshik) 500g","500g PET Bottle","0","Nutraceuticals"
"1368","686","Magaldrate 400mg and Simethicone 20mg Oral Suspension IP per 5ml","170 ml","39.38","Gastrointestinal (GIT)"
"1369","2879","Magnesium Sulphate Injection 50%","2 ml/ 1 Vial","0","Supplement/Vitamin/Mineral"
"1370","8169","Magnetic Posture Corrector Back Support Belt - Posture Fit","1's","580","Surgical & Medical Consumables"
"1371","170","Mannitol Injection IP 20% w/v","100 ml","26.25","Electrolytes"
"1372","171","Mannitol Intravenous Infusion IP 20% w/v","350 ml","46.88","Electrolytes"
"1373","8130","Manual breast pump","1's Monopack","600","Surgical & Medical Consumables"
"1374","2704","Maraviroc Tablets 150 mg","60's in bottle","0","Central Nervous System (CNS)"
"1375","8198","Maternity Sanitary Pads","Pack of 5 Napkins","68.25","Surgical & Medical Consumables"
"1376","2435","Mebendazole Oral Suspension 100mg per ml","30ml","0","Anthelmintic"
"1377","1341","Mebendazole Tablets IP 100 mg","6's","8.44","Anthelmintic"
"1378","2436","Mebeverine (135mg) + Chlordiazepoxide (5mg) Tablets","10's","28.13","Gastrointestinal (GIT)"
"1379","1342","Mebeverine Hydrochloride Tablets IP 200mg","10's","52.5","Gastrointestinal (GIT)"
"1380","2054","Mecobalamin 1500 mcg, Alpha Lipoic Acid 100mg, Inositol 100mg, Folic Acid 1.5mg, Chromium Picolinate 200mcg, Selenium Dioxide 55mcg and Benfotiamine 150 mg Soft gel Capsule","10's","56.25","Supplement/Vitamin/Mineral"
"1381","2264","Mecobalamin 1500mcg, Folic Acid 0.7mg and Niacinamide 100mg Injection (Painless)","2ml vial","18.75","Supplement/Vitamin/Mineral"
"1382","2705","Mecobalamin Orally Disintegrating Strips 1500 mcg","10's in mono-carton","65.63","Supplement/Vitamin/Mineral"
"1383","8128","Medical Digital Thermometer","1's mono-carton","88.98","Surgical & Medical Consumables"
"1384","9028","Medical Steam Vaporizer","One in Mono-Pack","234.38","Surgical & Medical Consumables"
"1385","9010","Medicated Corn Remover","Four Strips in Mono-Pack","0","Surgical & Medical Consumables"
"1386","954","Medroxyprogesterone Acetate Tablets IP 10mg","10's","24.38","Gynaecology"
"1387","650","Mefenamic Acid 500mg and Paracetamol 325mg Tablets","10's","15.94","Analgesic/Antipyretic/Anti-Inflammatory"
"1388","955","Mefenamic Acid 50mg and Paracetamol 125mg Suspension per 5ml","60 ml","10.31","Analgesic/Antipyretic/Anti-Inflammatory"
"1389","515","Mefenamic Acid Suspension 100mg per 5ml","60 ml","16.88","Analgesic/Antipyretic/Anti-Inflammatory"
"1390","1166","Mefenamic Acid Tablets 250 mg","10's","9.38","Analgesic/Antipyretic/Anti-Inflammatory"
"1391","1167","Mefenamic Acid Tablets 500 mg","10's","15.94","Analgesic/Antipyretic/Anti-Inflammatory"
"1392","956","Mefloquine Hydrochloride Tablets IP 250mg","4's","106.88","Anti-Malarial"
"1393","1701","Megaldrate 540mg, Simethicone 50mg and Oxetacaine 10mg Oral Suspension","170 ml","39.38","Gastrointestinal (GIT)"
"1394","736","Megestrol Acetate Tablets IP 40mg","10's","131.25","Oncology"
"1395","2828","Melatonin + Zolpidem Tablet (3/10 Mg)","10's","0","Central Nervous System (CNS)"
"1396","2829","Melatonin + Zolpidem Tablet (3/5 Mg)","10's","0","Central Nervous System (CNS)"
"1397","2366","Melatonin 5mg Tablets","15's","0","Central Nervous System (CNS)"
"1398","2179","Meloxicam 15mg Tablets BP","10's","0","Ortho"
"1399","2178","Meloxicam 7.5mg Tablets BP","10's","0","Ortho"
"1400","957","Memantine Hydrochloride Tablets IP 10mg","10's","23.44","Central Nervous System (CNS)"
"1401","543","Menthol (55 mg ± 5.) Cinnamon (12.5 mg ± 2) and Pine Oil (112.5 mg ± 1) Soft Capsules","10's","23.44","Respiratory"
"1402","1344","Meropenem 1000mg and Sulbactam 500mg Injection","Vial & Wfi","268.13","Antibiotics"
"1403","97","Meropenem Injection IP 1 g","Vial & Wfi","221.25","Antibiotics"
"1404","1345","Meropenem Injection IP 500 mg","Vial & Wfi","154.69","Antibiotics"
"1405","2180","Mesalamine Delayed Release Tablets 400mg","10's","37.5","Gastrointestinal (GIT)"
"1406","2027","Mesalazine Delayed release Tablets 800 mg","10's","91.41","Gastrointestinal (GIT)"
"1407","1485","Mesalazine Prolonged release Tablets IP 1200 mg","10's","129.38","Gastrointestinal (GIT)"
"1408","2018","Mesalazine Prolonged release Tablets IP 500mg","10's","70.31","Gastrointestinal (GIT)"
"1409","1703","Metadoxine 500mg, Silymarin 140mg, L- Ornithin L- Aspartate 150mg Tablets","10's","0","Hepato-Protective"
"1410","1481","Metformin 1000mg (Prolonged release) and Glimepiride 1mg Tablets IP","10's","29.49","Anti-Diabetic"
"1411","1482","Metformin 1000mg (Prolonged release) and Glimepiride 3mg Tablets IP","15's","43.11","Anti-Diabetic"
"1412","1483","Metformin 1000mg (Prolonged release) and Glimepiride 4mg Tablets IP","15's","43.13","Anti-Diabetic"
"1413","1480","Metformin 500mg (Prolonged release) and Glimepiride 0.5mg Tablets IP","10's","18.15","Anti-Diabetic"
"1414","1646","Metformin 500mg (Sustained Release), Glimepiride 2mg and Pioglitazone 15mg Tablets","10's","24.96","Anti-Diabetic"
"1415","1647","Metformin 850mg (Prolonged release) and Glimepiride 3mg IP Tablets","10's","23.44","Anti-Diabetic"
"1416","2181","Metformin Hydrchloride 500mg (Sustained-release) and Glimipride 3mg Tablet IP","10's","28.13","Anti-Diabetic"
"1417","2182","Metformin Hydrchloride 500mg (Sustained-release) and Glimipride 4mg Tablet IP","10's","32.81","Anti-Diabetic"
"1418","2123","Metformin Hydrochloride (sustained-relase) 500mg and Myo-Inositol 600mg Tablets","10's","82.5","Polycystic ovary/ovarian Syndrome"
"1419","767","Metformin Hydrochloride 1000mg (Prolonged Release) and Glimepiride 2mg Tablets IP","10's","37.43","Anti-Diabetic"
"1420","904","Metformin Hydrochloride 500mg (Prolonged release) and Glimepiride 1mg Tablets IP","10's","18.15","Anti-Diabetic"
"1421","1098","Metformin Hydrochloride 500mg (Sustained Release) and Voglibose 0.2mg Tablets","10's","14.44","Anti-Diabetic"
"1422","1438","Metformin Hydrochloride 500mg (Sustained Release), Glimepiride 2mg and Voglibose 0.2mg Tablets","10's","32.9","Anti-Diabetic"
"1423","2207","Metformin Hydrochloride 500mg (Sustained Release), Voglibose 0.3mg and Glimepiride 1mg and Tablets","10's","23.44","Anti-Diabetic"
"1424","2208","Metformin Hydrochloride 500mg (Sustained Release), Voglibose 0.3mg and Glimepiride 2mg and Tablets","10's","28.13","Anti-Diabetic"
"1425","1099","Metformin Hydrochloride 500mg and Voglibose 0.3mg Tablets","10's","17.02","Anti-Diabetic"
"1426","372","Metformin Hydrochloride Prolonged release Tablets IP 500 mg","10's","10.79","Anti-Diabetic"
"1427","34","Metformin Hydrochloride Prolonged-release 500mg and Glimepiride 2mg Tablets IP","15's","27.23","Anti-Diabetic"
"1428","144","Metformin Hydrochloride Sustained Release Tablets IP 1000 mg","10's","13.62","Anti-Diabetic"
"1429","2706","Metformin Hydrochloride Tablets IP 250 mg","10's","3.75","Anti-Diabetic"
"1430","145","Metformin Hydrochloride Tablets IP 500mg","10's","6.81","Anti-Diabetic"
"1431","960","Metformin Sustained Release Tablets IP 850mg","10's","20.42","Anti-Diabetic"
"1432","2367","Methimazole 10mg Tablets","10's","0","Anti-Thyroid"
"1433","2602","Methotrexate Injection IP 25mg/ml","1ml Ampoule","0","Oncology"
"1434","2603","Methotrexate Injection IP 50mg/2ml","2ml Ampoule","0","Oncology"
"1435","2114","Methotrexate Tablets IP 10mg","10's","30","Oncology"
"1436","2437","Methotrexate Tablets IP 15mg","10's","32.81","Oncology"
"1437","2048","Methotrexate Tablets IP 2.5mg","10's","15","Oncology"
"1438","2438","Methotrexate Tablets IP 20mg","10's","42.19","Oncology"
"1439","2115","Methotrexate Tablets IP 5mg","10's","20","Oncology"
"1440","413","Methotrexate Tablets IP 7.5 mg","10's","25","Oncology"
"1441","326","Methyl Ergometrine Tablets IP 0.125 mg","10's","10.31","Central Nervous System (CNS)"
"1442","1704","Methylcobalamin 1500mcg with Alpha Lipoic Acid 100mg and B- Complex (Thiamine Mononitrate 10mg, Pyridoxine 3mg, Folic acid 1.5mg) Capsules","10's","68.07","Supplement/Vitamin/Mineral"
"1443","586","Methylcobalamin 1500mcg, L- Carnitine L- Tartrate 500mg and Folic Acid 1.5mg Tablets","10's","103.13","Supplement/Vitamin/Mineral"
"1444","2328","Methylcobalamin 1500mcg, Vitamin B6 (Pyridoxine) 5mg Benfotiamine 50mg, Alpha Lipoic Acid 200mg, Folic Acid 5mg and Biotin 5mg Capsules","10's","75","Supplement/Vitamin/Mineral"
"1445","591","Methylcobalamin Injection 500 mcg","1 ML","6.56","Supplement/Vitamin/Mineral"
"1446","1961","Methylcobalamin Tablet 1500mcg","10's","25.78","Supplement/Vitamin/Mineral"
"1447","1962","Methylcobalamin Tablet 500mcg","10's","15.47","Supplement/Vitamin/Mineral"
"1448","2830","Methylphenidate Tablet 10Mg","10's","0","Central Nervous System (CNS)"
"1449","2831","Methylphenidate Tablet 18Mg","10's","0","Central Nervous System (CNS)"
"1450","2832","Methylphenidate Tablet 20Mg","10's","0","Central Nervous System (CNS)"
"1451","2833","Methylphenidate Tablet 5Mg","10's","0","Central Nervous System (CNS)"
"1452","503","Methylprednisolone Sodium Succinate Injection 1000mg","Vial & Wfi","297.19","Steroids & Hormones"
"1453","2116","Methylprednisolone Tablets IP 16mg","10's","37.5","Steroids & Hormones"
"1454","1348","Methylprednisolone Tablets IP 4mg","10's","17.02","Steroids & Hormones"
"1455","2439","Metoclopramide Hydrochloride Syrup IP 5mg per 5ml","60ml","0","Gastrointestinal (GIT)"
"1456","200","Metoclopramide Injection IP 5mg per ml","2ml Ampoule","2.81","Gastrointestinal (GIT)"
"1457","199","Metoclopramide Tablets IP 10 mg","10's","7.5","Gastrointestinal (GIT)"
"1458","2183","Metolazone 2.5mg Tablets IP","10's","0","Cardiovascular System (CVS)"
"1459","2834","Metoprolol + Chlorthalidone Tablet (25/6.25 Mg)","10's","0","Cardiovascular System (CVS)"
"1460","2835","Metoprolol + Chlorthalidone Tablet (50/12.5 Mg)","10's","0","Cardiovascular System (CVS)"
"1461","2836","Metoprolol + Chlorthalidone Tablet (50/6.25 Mg)","10's","0","Cardiovascular System (CVS)"
"1462","1706","Metoprolol 50mg (Extended Release) and Ramipril 5mg Tablet","10's","84.38","Cardiovascular System (CVS)"
"1463","440","Metoprolol 50mg (Prolonged release) and Amlodipine Besilate 5mg Tablets IP","7's","11.34","Cardiovascular System (CVS)"
"1464","2440","Metoprolol Extended Release Tablets IP 100mg","10's","23.44","Cardiovascular System (CVS)"
"1465","291","Metoprolol Extended release Tablets IP 50mg","10's","10.21","Cardiovascular System (CVS)"
"1466","2092","Metoprolol Succinate (extended release) 25mg and Cilnidipine 10mg Tablets","10's","18.75","Cardiovascular System (CVS)"
"1467","2093","Metoprolol Succinate (extended release) 50mg and Cilnidipine 10mg Tablets","10's","21.56","Cardiovascular System (CVS)"
"1468","2117","Metoprolol Succinate (Extended-relase) 50mg, Telmisartan 40mg and Chlorthalidone 12.5mg Tablets","10's","23.44","Cardiovascular System (CVS)"
"1469","2492","Metoprolol Succinate 25mg (Extended Release) and Amlodipine Besilate 2.5mg Tablets IP","10's","11.25","Cardiovascular System (CVS)"
"1470","1156","Metoprolol Succinate 25mg (Extended Release) and Amlodipine Besilate 5mg Tablets IP","7's","12","Cardiovascular System (CVS)"
"1471","1775","Metoprolol Succinate 25mg (Extended release) and Ramipril 2.5mg Tablets","10's","23.44","Cardiovascular System (CVS)"
"1472","1106","Metoprolol Succinate 50mg (Extended Release) and Telmisartan 40mg Tablets","10's","32.9","Cardiovascular System (CVS)"
"1473","1707","Metoprolol Succinate extended release capsules IP 50mg","10's","0","Cardiovascular System (CVS)"
"1474","2118","Metoprolol Succinate Extended Release Tablets IP 12.5mg","10's","9.38","Cardiovascular System (CVS)"
"1475","1708","Metoprolol Succinate Prolonged release tablets IP 25mg","15's","17.02","Cardiovascular System (CVS)"
"1476","290","Metoprolol Tablets IP 25 mg","10's","6.81","Cardiovascular System (CVS)"
"1477","2707","Metoprolol Tartrate 50mg and Hydrochlorothiazide 12.5 mg Tablets","10's","14.06","Cardiovascular System (CVS)"
"1478","172","Metronidazole  Infusion IP 500 mg","100 ml","8.25","Antibiotics"
"1479","201","Metronidazole  Tablets IP 200mg","10's","4.41","Antibiotics"
"1480","202","Metronidazole  Tablets IP 400mg","10's","7.22","Antibiotics"
"1481","2441","Metronidazole (1% w/w) + Povidone Iodine (5% w/w) Ointment","20 g","18.75","Dermatology/Topical/External"
"1482","2604","Metronidazole 2% w/w and Mupirocin 2% w/w Ointment","5g","75","Dermatology/Topical/External"
"1483","965","Miconazole 2%w/w and Fluocinolone Acetonide 0.01%w/w Ointment","15 gm Tube","23.44","Dermatology/Topical/External"
"1484","2605","Miconazole Nitrate 20mg, Mometasone Furoate 1mg and Nadifloxacin 10 mg cream","10g","0","Dermatology/Topical/External"
"1485","2119","Miconazole Nitrate Cream IP 2% w/w","15gm Tube","11.25","Dermatology/Topical/External"
"1486","9027","Microfine/Hypodermic Needle for Insulin Pen Sterile Single-Use Needle for Insulin Pen Needles Measurement","Ten in Mono-Pack","0","Surgical & Medical Consumables"
"1487","2212","Micronized Purified flavanoid Fraction Tablets ( MPFF Diosmin 450mg and Hesperidin 50mg Tablets)","10's","70.31","Cardiovascular System (CVS)"
"1488","2329","Midazolam 0.5mg Nasal Spray","5ml bottle with nasal atomizer in Mono Carton","0","Central Nervous System (CNS)"
"1489","2256","Midazolam Injection 10mg","10ml vial","28.13","Central Nervous System (CNS)"
"1490","2442","Midodrine Hydrochloride Tablets 10mg","10's","150","Cardiovascular System (CVS)"
"1491","2443","Midodrine Hydrochloride Tablets 2.5mg","10's","51.56","Cardiovascular System (CVS)"
"1492","2444","Midodrine Hydrochloride Tablets 5mg","10's","93.75","Cardiovascular System (CVS)"
"1493","360","Mifepristone Tablets IP 200 mg","1's","62.81","Gynaecology"
"1494","2880","Minocycline (100Mg) Modified Release Capsule","10's","0","Antibiotics"
"1495","2881","Minocycline (45Mg) Extended Release Tablet","10's","0","Antibiotics"
"1496","2882","Minocycline (50Mg) Tablet","10's","0","Antibiotics"
"1497","2883","Minocycline (65Mg) Extended Release Tablet","10's","0","Antibiotics"
"1498","2884","Minocycline 100 Mg Tab","10's","0","Antibiotics"
"1499","1710","Minoxidil 5% and Finasteride 0.1% Topical Solution","60 ml","215.63","Derma Care"
"1500","2837","Minoxidil 5Mg Tablet","10's","0","Cardiovascular System (CVS)"
"1501","1709","Minoxidil Solution 5%","60 ml","150","Derma Care"
"1502","2016","Minoxidil Tablets IP 10mg","10's","18.75","Cardiovascular System (CVS)"
"1503","1862","Mirabegron Extended-release Tablets 25 mg","10's","93.75","Urology"
"1504","1863","Mirabegron Extended-release Tablets 50 mg","10's","135.94","Urology"
"1505","968","Mirtazapine Tablets IP 15mg","10's","28.13","Central Nervous System (CNS)"
"1506","1950","Mirtazapine Tablets IP 30 mg","10's","42.19","Central Nervous System (CNS)"
"1507","1353","Mirtazapine Tablets IP 7.5mg","10's","12.19","Central Nervous System (CNS)"
"1508","203","Misoprostol Tablets IP 200 mcg","4's","18.75","Gynaecology"
"1509","2330","Modafinil 100mg Tablets","10's","46.88","Central Nervous System (CNS)"
"1510","1354","Modafinil Tablets IP 200mg","10's","78.75","Central Nervous System (CNS)"
"1511","2606","Molnupiravir Capsules 200mg","10's","37.5","Covid-19"
"1512","2120","Mometasone Aqueous Nasal Spray IP 0.05%w/v (nasal suspension in a pressurise container)","120 MDI","95.63","Respiratory"
"1513","672","Mometasone Furoate Cream IP 0.1%w/w","15 gm","16.88","Dermatology/Topical/External"
"1514","1711","Montelukast 4mg and Levocetirizine 2.5mg Syrup","60 ml","18.75","Respiratory"
"1515","556","Montelukast Sodium 10mg  and Fexofenadine Hydrochloride 120 mg Tablets","10's","45.38","Respiratory"
"1516","2607","Montelukast Sodium 10mg and Ebastine 10mg Tablets","10's","23.44","Respiratory"
"1517","252","Montelukast Sodium 10mg and Levocetirizine 5mg Tablets IP","10's","20.63","Respiratory"
"1518","2708","Montelukast Sodium 4mg and Fexofenadine 60mg per 5ml Suspension","60ml Bottle","0","Respiratory"
"1519","251","Montelukast Sodium Tablets IP 10mg","10's","20.42","Respiratory"
"1520","250","Montelukast Sodium Tablets IP 5mg","10's","14.06","Respiratory"
"1521","2885","Mosapride (5Mg) + Dimethicone (125Mg) Chewable Tablet","10's","0","Gastrointestinal (GIT)"
"1522","2886","Mosapride Citrate 5 Mg Tablet","10's","0","Gastrointestinal (GIT)"
"1523","664","Mouth Ulcer Gel (Choline Salicylate Sodium 9% W/V, Benzalkonium Chloride 0.01% W/W)","10 gm","15.47","Stomatologicals"
"1524","2184","Moxifloxacin 0.5 %w/v and Prednisolone Acetate 1%w/v Eye Drops","5ml Drops","18.75","Opthalmic/Otic"
"1525","1887","Moxifloxacin 0.5% w/v and Dexamethasone 0.1% w/v Eye Drops","5ml Drops","18.75","Opthalmic/Otic"
"1526","1991","Moxifloxacin 400mg and Cefixime 400mg Tablet","10's","159.38","Antibiotics"
"1527","1114","Moxifloxacin Hydrochloride Eye Drops IP 0.5% w/v","5 ml","14.75","Opthalmic/Otic"
"1528","391","Moxifloxacin Tablets 400 mg","5's","61.88","Antibiotics"
"1529","2185","Moxonidine Tablets 0.2mg","10's","33.75","Cardiovascular System (CVS)"
"1530","447","Moxonidine Tablets 0.3 mg","10's","48.47","Cardiovascular System (CVS)"
"1531","668","Multivitamin Drops","15 ml","16.88","Supplement/Vitamin/Mineral"
"1532","2265","Multivitamin Syrup Chocolate Flavour","200ml Bottle","0","Supplement/Vitamin/Mineral"
"1533","463","Mupirocin Ointment IP 2 % w/w","5 gm","51.57","Dermatology/Topical/External"
"1534","972","Mycophenolate Mofetil Tablets IP 500mg","10's","180","Immunosuppressant"
"1535","2122","Mycophenolate Sodium Gastro-resistant Tablets 360mg","10's","145","Immunosuppressant"
"1536","2285","Myo-Inositol 1000mg, L-Methyl Folate 100mcg, Vitamin D3 1000 IU, Acetylcysteine 600mg, L-Arginine 100mg Tablets","10's","0","Supplement/Vitamin/Mineral"
"1537","8147","N-95 Mask with Expiratory Valve","1's Mono-pack","30","Surgical & Medical Consumables"
"1538","8148","N-95 Mask without Expiratory Valve","1's Mono-pack","25","Surgical & Medical Consumables"
"1539","1963","N-Acetylcysteine 150Mg And Taurine 500Mg Tablets","10's","30.94","Nephrology"
"1540","2710","N-Acetylcysteine 600 mg And Pyridoxine Hydrochloride 50 mg Tablets","10's","0","Nephrology"
"1541","2299","Nadifloxacin 1% w/w and Clobetasol Propionate 0.05% 10 gm skin cream","10gm Lami Tube","32.81","Dermatology/Topical/External"
"1542","2331","Nadifloxacin 1% w/w cream","10gm Lami Tube","28.13","Dermatology/Topical/External"
"1543","2609","Naftifine Hydrochloride Cream 2% w/w","20g in Mono-carton","89.06","Dermatology/Topical/External"
"1544","679","Nalidixic Acid Tablets IP 500 mg","10's","15.94","Urology"
"1545","2838","Naltrexone 50Mg Tablets","10's","0","Anti-Alcoholism"
"1546","504","Nandrolone Decanoate Injection IP 25 mg per ml","1 ML","18.75","Steroids & Hormones"
"1547","1164","Nandrolone Decanoate Injection IP 50 mg per ml","2 ml","37.5","Steroids & Hormones"
"1548","2279","Nandrolone Decanoate Injection IP 50mg/ml","1ml Ampoule in Mono Carton","28.13","Ortho"
"1549","1714","Naproxen 250 mg and Domperidone 10 mg Tablet","10's","28.13","Analgesic/Antipyretic/Anti-Inflammatory"
"1550","1715","Naproxen 500 mg and Domperidone 10 mg Tablet","10's","48.75","Analgesic/Antipyretic/Anti-Inflammatory"
"1551","2711","Naproxen 500 mg Delayed Release and Esomeprazole 20mg Tablet","10's","0","Ortho"
"1552","1359","Naproxen Tablets IP 250 mg","15's","21.56","Analgesic/Antipyretic/Anti-Inflammatory"
"1553","523","Naproxen Tablets IP 500 mg","15's","45","Analgesic/Antipyretic/Anti-Inflammatory"
"1554","6039","Nasal Oxygen Cannula set, Twin bore (Adult)","1's","28.13","Surgical & Medical Consumables"
"1555","1888","Natamycin Ophthalmic Suspension IP 5% w/v","5ml Drops","52.5","Opthalmic/Otic"
"1556","974","Natural Micronised Progesterone Capsules 100mg","10's","62.81","Gynaecology"
"1557","1131","Natural Micronised Progesterone Capsules 200mg","10's","117.19","Gynaecology"
"1558","2445","Nebivolol 2.5mg + Amlodipine 2.5mg Tablets","10's","0","Cardiovascular System (CVS)"
"1559","2371","Nebivolol 2.5mg and Cilnidipine 10mg Tablets","10's","23.44","Cardiovascular System (CVS)"
"1560","1716","Nebivolol 5 mg  and S- Amlodipine 2.5 mg Tablet","10's","23.44","Cardiovascular System (CVS)"
"1561","2446","Nebivolol 5mg + Amlodipine 5mg Tablets","10's","26.25","Cardiovascular System (CVS)"
"1562","2370","Nebivolol 5mg and Cilnidipine 10mg Tablets","10's","32.81","Cardiovascular System (CVS)"
"1563","975","Nebivolol 5mg and Hydrochlorothiazide 12.5mg Tablets","10's","61.88","Cardiovascular System (CVS)"
"1564","2015","Nebivolol 5mg and Telmisartan 40mg Tablets","10's","46.88","Cardiovascular System (CVS)"
"1565","2712","Nebivolol Hydrochloride Tablets IP 10 mg","10's","42.19","Cardiovascular System (CVS)"
"1566","976","Nebivolol Tablets IP 2.5mg","10's","16.5","Cardiovascular System (CVS)"
"1567","421","Nebivolol Tablets IP 5 mg","10's","25.78","Cardiovascular System (CVS)"
"1568","8127","Nebulizer Mask with Tubing","1's pack","56.25","Surgical & Medical Consumables"
"1569","9042","Nebulizer Mask with Tubing (Child)","1's pack in sealed poly pack","0","Surgical & Medical Consumables"
"1570","5014","Needle 16G","1's","1.88","Surgical & Medical Consumables"
"1571","5015","Needle 18G","1's","1.41","Surgical & Medical Consumables"
"1572","5016","Needle 23G","1's","0.94","Surgical & Medical Consumables"
"1573","5017","Needle 26G half inch","1's","1.41","Surgical & Medical Consumables"
"1574","1717","Neomycin 3400IU, Polymyxin B Sulfates 5000IU and Bacitracin Zinc 400IU Ophthalmic Ointment","5 g","17.53","Dermatology/Topical/External"
"1575","2610","Neomycin Sulphate 3400 Units, Polymyxin B Sulfate 5000 units and Bacitracin Zinc 400 Units Powder","10g","32.81","Antibiotics"
"1576","2611","Neostigmine Methylsulphate Injection IP 0.5mg/ml","5ml Ampoule","13.13","Central Nervous System (CNS)"
"1577","2612","Neostigmine Methylsulphate Injection IP 2.5mg/ml","1ml Ampoule","0","Central Nervous System (CNS)"
"1578","978","Nepafenac Eye Drop 0.1% W/V","5 ml","61.88","Opthalmic/Otic"
"1579","1718","Nicorandil Tablet IP 10mg","10's","51.57","Cardiovascular System (CVS)"
"1580","1719","Nicorandil Tablet IP 5mg","10's","41.25","Cardiovascular System (CVS)"
"1581","2266","Nicotine 2mg Oral Disintegrating Strips","12's in Mono Carton","74","Smoking Cessation"
"1582","2267","Nicotine Oral Disintegrating Strips 4mg","12's in Mono Carton","0","Smoking Cessation"
"1583","2332","Nicoumalone (Acenocoumarol) 2mg Tablets","10's","14.06","Cardiovascular System (CVS)"
"1584","1720","Nicoumalone/Acenocoumarol Tablets IP 1 mg","10's","37.5","Cardiovascular System (CVS)"
"1585","1721","Nicoumalone/Acenocoumarol Tablets IP 3 mg","10's","60.94","Cardiovascular System (CVS)"
"1586","1722","Nicoumalone/Acenocoumarol Tablets IP 4 mg","30's","46.88","Cardiovascular System (CVS)"
"1587","2887","Nifedipine 5Mg Capsule","10's","0","Cardiovascular System (CVS)"
"1588","2713","Nifedipine Extended Release Tablets IP 30 mg","10's","14.06","Cardiovascular System (CVS)"
"1589","2714","Nifedipine Extended Release Tablets IP 60 mg","10's","0","Cardiovascular System (CVS)"
"1590","437","Nifedipine Prolonged release Tablets IP 20mg","10's","9.28","Cardiovascular System (CVS)"
"1591","1723","Nifedipine Sustained Release Tablets IP 10mg","15's","11.25","Cardiovascular System (CVS)"
"1592","645","Nimesulid 100mg, Paracetamol 325mg and Chlorzoxazone 375mg Tablets","10's","18.75","Analgesic/Antipyretic/Anti-Inflammatory"
"1593","1725","Nimesulide 100 mg, Paracetamol 325 mg and Serratiopeptidase 15 mg Tablet","10's","23.44","Analgesic/Antipyretic/Anti-Inflammatory"
"1594","19","Nimesulide 100mg and Paracetamol 325mg Tablets","10's","11.34","Analgesic/Antipyretic/Anti-Inflammatory"
"1595","640","Nimesulide Gel 1% W/W","20 gm Tube","15","Dermatology/Topical/External"
"1596","20","Nimesulide Tablets 100 mg","10's","6.81","Analgesic/Antipyretic/Anti-Inflammatory"
"1597","2839","Nimodipine Tablet (30 Mg)","10's","0","Cardiovascular System (CVS)"
"1598","2447","Nintedanib Soft Gelatin Capsules 100mg","10's","499.69","Oncology"
"1599","2333","Nintedanib Soft gelatin Capsules 150mg","10's","399.84","Oncology"
"1600","2334","Nitazoxanide 500mg Tablets","10's","51.56","Gastrointestinal (GIT)"
"1601","986","Nitrazepam Tablets I.P 10mg","10's","8.44","Central Nervous System (CNS)"
"1602","2613","Nitrofurantoin 50mg Tablets","10's","0","Urology"
"1603","2614","Nitrofurantoin Sustained Release Tablets 100mg","15's","28.13","Urology"
"1604","987","Nitrofurantoin Tablets I.P 100mg","10's","18.15","Urology"
"1605","2124","Nitroglycerin Controlled Release Tablets 6.4 mg","30's in Bottle","51.56","Cardiovascular System (CVS)"
"1606","9050","Non-Woven Adhesive Wound Dressing","3's in a pack","0","Surgical & Medical Consumables"
"1607","2615","Norethisterone Acetate Controlled Release Tablets 10mg","10's","25.31","Gynaecology"
"1608","499","Norethisterone Tablets IP 5 mg","10's","13.13","Gynaecology"
"1609","98","Norfloxacin 400mg and Tinidazole 600mg Tablets","10's","37.5","Gastrointestinal (GIT)"
"1610","99","Norfloxacin Tablets IP 400 mg","10's","19.69","Antibiotics"
"1611","2125","Nortriptyline Tablets IP 10mg","10's","9.38","Central Nervous System (CNS)"
"1612","762","Nortriptyline Tablets IP 25mg","10's","15","Central Nervous System (CNS)"
"1613","1232","Noscapine Syrup 1.83mg per 5ml","50 ml","37.5","Respiratory"
"1614","2335","Obeticholic Acid 10mg Tablets","10's","93.75","Hepato-Protective"
"1615","2336","Obeticholic Acid 5mg Tablets","10's","56.25","Hepato-Protective"
"1616","2718","Octreotide injection 100mcg","1ml Ampoule","140","Oncology"
"1617","2717","Octreotide injection 50 mcg","1ml Ampoule","80","Oncology"
"1618","2715","Octreotide long acting release Injection 20mg (Lyophilised)","Vial","0","Oncology"
"1619","2716","Octreotide long acting release Injection 30mg (Lyophilised)","Vial","12000","Oncology"
"1620","2058","Ofloxacin 0.3% w/v, Dexamethasone 0.1% w/v, Benzalkonium Chloride (As Preservative) 0.005% w/v Eye Drops","5ml Drops","9.38","Opthalmic/Otic"
"1621","2616","Ofloxacin 100mg and Metronidazole 200mg per 5ml Oral Suspension","60ml in Mono-carton with measuring cap","32.81","Antibiotics"
"1622","100","Ofloxacin 200mg and Ornidazole 500mg Tablets IP","10's","28.36","Antibiotics"
"1623","691","Ofloxacin Eye Drops IP 0.3% w/v","10 ml","10.31","Opthalmic/Otic"
"1624","405","Ofloxacin Infusion IP 200 mg per 100 ml","100 ml","30.94","Antibiotics"
"1625","101","Ofloxacin Tablets IP 200mg","10's","14.44","Antibiotics"
"1626","102","Ofloxacin Tablets IP 400mg","10's","32.81","Antibiotics"
"1627","1729","Ofloxaxin 200mg and Flavoxate 200 mg Tablet","10's","60.94","Urology"
"1628","1953","Olanzapine 5mg and Fluoxetine 20mg Tablets IP","10's","18.75","Central Nervous System (CNS)"
"1629","990","Olanzapine Tablets IP 10mg","10's","9.08","Central Nervous System (CNS)"
"1630","991","Olanzapine Tablets IP 5mg","10's","6.81","Central Nervous System (CNS)"
"1631","2719","Olaparib Tablet 100 mg","30's in bottle","0","Oncology"
"1632","2720","Olaparib Tablet 150 mg","30's in bottle","0","Oncology"
"1633","2840","Olmesartan + Amlodipine + Chlorthalidone Tablet (40/5/12.5 Mg)","10's","0","Cardiovascular System (CVS)"
"1634","2841","Olmesartan + Metoprolol Tablet (20/25 Mg)","10's","0","Cardiovascular System (CVS)"
"1635","2842","Olmesartan + Metoprolol Tablet (20/50 Mg)","10's","0","Cardiovascular System (CVS)"
"1636","445","Olmesartan 20mg and Amlodipine 5mg Tablets","10's","25.78","Cardiovascular System (CVS)"
"1637","1367","Olmesartan 20mg, Amlodipine 5mg and Hydrochlorothiazide 12.5mg Tablets","10's","43.11","Cardiovascular System (CVS)"
"1638","2721","Olmesartan 40mg and Amlodipine 5mg Tablets","10's","32.81","Cardiovascular System (CVS)"
"1639","1730","Olmesartan 40mg, Amlodipine 5mg and Hydrochlorothiazide 12.5mg Tablets","10's","42.19","Cardiovascular System (CVS)"
"1640","1731","Olmesartan Medoxomil 20mg and Chlorthalidone 12.5mg Tablets","10's","28.13","Cardiovascular System (CVS)"
"1641","1368","Olmesartan Medoxomil 20mg and Hydrochlorothiazide 12.5mg Tablets IP","10's","27.84","Cardiovascular System (CVS)"
"1642","2722","Olmesartan Medoxomil 20mg, Cilnidipine 10mg and Chlorthalidone 12.5mg Tablets","10's","32.81","Cardiovascular System (CVS)"
"1643","2723","Olmesartan Medoxomil 20mg, Cilnidipine 10mg and Chlorthalidone 6.25mg Tablets","10's","28.13","Cardiovascular System (CVS)"
"1644","1732","Olmesartan Medoxomil 40mg and Chlorthalidone 12.5mg Tablets","10's","42.19","Cardiovascular System (CVS)"
"1645","439","Olmesartan Medoxomil 40mg and Hydrochlorothiazide 12.5mg Tablets IP","10's","30.94","Cardiovascular System (CVS)"
"1646","2724","Olmesartan Medoxomil 40mg, Cilnidipine 10mg and Chlorthalidone 12.5mg Tablets","10's","37.5","Cardiovascular System (CVS)"
"1647","2448","Olmesartan Medoxomil Tablets IP 10mg","10's","9.38","Cardiovascular System (CVS)"
"1648","992","Olmesartan Medoxomil Tablets IP 20mg","10's","17.53","Cardiovascular System (CVS)"
"1649","432","Olmesartan Medoxomil Tablets IP 40 mg","10's","37.43","Cardiovascular System (CVS)"
"1650","2888","Olopatadine 5 Mg Tab","10's","0","Anti-Histaminic"
"1651","2337","Olopatadine Hydrochloride 0.4% w/v and Ketorolac 0.1 % w/v Ophthalmic Solution","5ml Drop bottle in Mono Carton","0","Opthalmic/Otic"
"1652","692","Olopatadine Hydrochloride Ophthalmic Solution IP 0.1% w/v","10 ml Vial","42.19","Opthalmic/Otic"
"1653","2327","Omega 3 Fatty Acid 500mg, EPA 150mg, DHA 100mg, Bilberry Extract 50mg, Lutein 20% & Zeaxanthin 4%- 25mg, Beta carotene 4.8mg, Vitamin D3 10mcg Capsules","30's Bottle","140.63","Supplement/Vitamin/Mineral"
"1654","206","Omeprazole 20mg and Domperidone 10mg Capsules IP","10's","11.34","Gastrointestinal (GIT)"
"1655","2709","Omeprazole 20mg Powder for Oral suspension (Sodium bicarbonate as buffer)","10 sachet in monocarton","74.06","Gastrointestinal (GIT)"
"1656","1733","Omeprazole Gastro-resistant 20mg and Domperidone Sustained Release 30mg Capsules","15's","28.36","Gastrointestinal (GIT)"
"1657","207","Omeprazole Gastro-resistant Capsules IP 20 mg","10's","10.21","Gastrointestinal (GIT)"
"1658","2268","Ondansetron 4mg Oral Disintegrating Strips","12's in Mono Carton","51.56","Anti-Emetic"
"1659","2269","Ondansetron 8mg Oral Disintegrating Strips","12's in Mono Carton","103.13","Anti-Emetic"
"1660","208","Ondansetron Injection IP 2mg per ml","2 ml","4.54","Anti-Emetic"
"1661","993","Ondansetron Oral Solution IP 2 mg per 5ml","30 ml","14.06","Anti-Emetic"
"1662","2126","Ondansetron Orally disintegrating Tablets IP 8mg","10's","10.31","Anti-Emetic"
"1663","209","Ondansetron Tablets IP 4 mg","10's","6.81","Anti-Emetic"
"1664","2843","Opipramol Dihydrochloride Tablets (50 Mg)","10's","0","Central Nervous System (CNS)"
"1665","2844","Opipramol Tablet (50 Mg)","10's","0","Central Nervous System (CNS)"
"1666","2243","Oral Rehydration Salt (Liquid form)","200ml Tetra Pack","15.75","Electrolytes"
"1667","2449","Oral Rehydration Salts IP (WHO Formula) Orange Flavour Sachet, 21g","1's Sachet","10","Electrolytes"
"1668","312","Oral Rehydration Salts IP 20.5g Sachet (WHO Formula)","1's","10.98","Electrolytes"
"1669","1225","Orlistat Capsules 120 mg","10's","134.06","Weight management"
"1670","2845","Orlistat Capsules 60Mg","10's","0","Weight management"
"1671","210","Ornidazole Tablets IP 500mg","10's","23.44","Antibiotics"
"1672","1220","Oseltamivir Capsules IP 75mg","10's","178.13","Anti-Viral"
"1673","2725","Oseltamivir Phosphate Capsules IP 30mg","10's","84.38","Anti-Viral"
"1674","1737","Oxaceprol Capsules 200mg","10's","93.75","Ortho"
"1675","994","Oxaliplatin Injections IP 50mg","Vial","445.31","Oncology"
"1676","2127","Oxcarbazepine Tablets IP 150mg","10's","36.09","Central Nervous System (CNS)"
"1677","2372","Oxcarbazepine Tablets IP 300mg","15's","79.69","Central Nervous System (CNS)"
"1678","2186","Oxcarbazepine Tablets IP 450mg","10's","106.88","Central Nervous System (CNS)"
"1679","2187","Oxcarbazepine Tablets IP 600 mg","10's","115.31","Central Nervous System (CNS)"
"1680","471","Oxetacaine, Aluminium Hydroxide and Magnesium Hydroxide Suspension","200 ML","47.44","Gastrointestinal (GIT)"
"1681","2338","Oxybutynin Chloride 2.5mg Tablets","10's","46.88","Urology"
"1682","563","Oxymetazoline Hydrochloride Nasal Drops IP 0.5 mg per ml","10 ML","15.88","Respiratory"
"1683","2450","Ozenoxacin Cream 1% w/w","10gm Lami-Tube in Monopack","65.63","Dermatology/Topical/External"
"1684","2451","Ozenoxacin Lotion 2% w/w","10ml in Monopack","140.63","Dermatology/Topical/External"
"1685","997","Paclitaxel Injection IP 100mg  (6mg/ml)","Vial","506.25","Oncology"
"1686","1598","Pancreatin 170 mg (containing 15000 units of Amylase activity, 4000 units of Lipase activity, 15000 units of Protease activity) and Sodium Tauroglycocholate 65mg Digestive Enzyme Tablets","10's","70.31","Enzyme Preparation"
"1687","486","Pancreatin 170mg and Activated Dimethicone 80mg Tablets","10's","51.56","Gastrointestinal (GIT)"
"1688","1739","Pancreatin Capsules 10000","10's","84.38","Enzyme Preparation"
"1689","1740","Pancreatin Capsules 25000","10's","196.88","Enzyme Preparation"
"1690","2726","Pancreatin Capsules 40000","10's","0","Enzyme Preparation"
"1691","2618","Panitumumab 100mg Infusion","5ml Vial","0","Oncology"
"1692","2619","Panitumumab 400mg Infusion","20ml Vial","0","Oncology"
"1693","2889","Pantoprazole (40 Mg) + Mosapride (15 Mg) Tablet","10's","0","Gastrointestinal (GIT)"
"1694","1741","Pantoprazole 20mg (Gastro-resistant) and Domperidone 10mg (Prolonged Release) Capsules IP","10's","20.63","Gastrointestinal (GIT)"
"1695","473","Pantoprazole 40mg (Enteric Coated) and Levosulpiride 75mg (Sustained Release) Capsules","10's","56.72","Gastrointestinal (GIT)"
"1696","465","Pantoprazole 40mg (Gastro-resistant) and Domperidone 30mg (Prolonged Release) Capsules IP","10's","22.69","Gastrointestinal (GIT)"
"1697","2496","Pantoprazole 40mg and Domperidone 10mg Capsules","10's","0","Gastrointestinal (GIT)"
"1698","212","Pantoprazole Gastro Resistant Tablets IP 40 mg","10's","12.47","Gastrointestinal (GIT)"
"1699","2038","Pantoprazole Gastro-Resistance Tablets IP 20mg","10's","7.22","Gastrointestinal (GIT)"
"1700","1567","Pantoprazole Gastro-resistant 40mg and Cinitapride Sustained release 3mg Capsules","10's","51.56","Gastrointestinal (GIT)"
"1701","213","Pantoprazole Injection 40mg","Vial","23.83","Gastrointestinal (GIT)"
"1702","685","Pantoprazole Sodium 40 mg (Enteric Coated) and Itopride Hydrochloride 150 mg (Sustained Release) Capsules","10's","46.88","Gastrointestinal (GIT)"
"1703","2620","Papain 10mg, Fungal Diastase (Alpha Amylase 1:800) 20mg, Caraway oil 2mg, Anise Oil 2mg and Dil oil 2mg Oral Drops","15ml in Mono-carton with screw dropper","0","Gastrointestinal (GIT)"
"1704","2621","Papain 60mg and Fungal Diastase (Alpha Amylase 1:800) 75mg Syrup","200ml in Mono-carton","0","Gastrointestinal (GIT)"
"1705","2087","Papaya Leaf Extract 1100mg Tablets","15's","0","Gastrointestinal (GIT)"
"1706","5019","Paper Adhesive Plaster 1 inch X 9m","1's","23.44","Surgical & Medical Consumables"
"1707","5020","Paper Adhesive Plaster 2 inch X 9m","1's","51.56","Surgical & Medical Consumables"
"1708","5021","Paper Adhesive Plaster 3 inch X 9m","1's","75","Surgical & Medical Consumables"
"1709","2282","Para Aminobenzoic Acid100mg, Calcium Pant 100mg, Niacinamide12mg, L-Arginine50mg L-Cysteine50mg, DL-Methionine40mg, L-Lysine20mg, Zinc25mg, Inositol 10mg, Biotin10mg, Ferrous10mg, Copper2mg Tablets","10's","0","Supplement/Vitamin/Mineral"
"1710","1744","Paracetamol 125 mg, Phenylephrine 2.5 mg and Chlorpheniramine 1 mg Drops","15 ml","18.75","Respiratory"
"1711","1745","Paracetamol 125 mg, Phenylephrine 5 mg and Chlorpheniramine 1 mg Suspension","60 ML","20.63","Respiratory"
"1712","643","Paracetamol 125mg, Chlorpheniramine 1mg and Sodium Citrate 60mg Syrup in Flavour base","60 ml Bottle","16.88","Respiratory"
"1713","610","Paracetamol 125mg, Phenylephrine Hydrochloride 5mg and Cetirizine Dihydrochloride 2mg Suspension","60 ML","14.07","Respiratory"
"1714","1747","Paracetamol 162.5 mg and Tramadol 18.75 mg Tablet","10's","9.38","Analgesic/Antipyretic/Anti-Inflammatory"
"1715","1749","Paracetamol 250 mg, Phenylephrine 5 mg and Chlorpheniramine 2 mg Suspension","60 ML","23.44","Respiratory"
"1716","184","Paracetamol 325mg and Dicyclomine Hydrochloride 20mg Tablets","10's","7.5","Gastrointestinal (GIT)"
"1717","510","Paracetamol 325mg and Tramadol 37.5mg Tablets","10's","13.62","Analgesic/Antipyretic/Anti-Inflammatory"
"1718","528","Paracetamol 325mg, Phenylephrine 10mg and Chlorpheniramine 2mg Tablets","10's","22.69","Analgesic/Antipyretic/Anti-Inflammatory"
"1719","1753","Paracetamol 500 mg, Phenylephrine 10 mg and Chlorpheniramine 2 mg Tablet","10's","13.13","Analgesic/Antipyretic/Anti-Inflammatory"
"1720","1751","Paracetamol 500mg and Caffeine 25mg Tablet IP","10's","11.25","Analgesic/Antipyretic/Anti-Inflammatory"
"1721","1752","Paracetamol 500mg and Chlorzoxazone 250mg Tablet","10's","15","Analgesic/Antipyretic/Anti-Inflammatory"
"1722","2128","Paracetamol 650mg and Caffeine 50mg Tablets IP","10's","17.81","Analgesic/Antipyretic/Anti-Inflammatory"
"1723","1743","Paracetamol Drops 100 mg per ml","15 ml","12.19","Analgesic/Antipyretic/Anti-Inflammatory"
"1724","1742","Paracetamol Infusion IP 1 gm per 100 ml","100 ml","46.88","Analgesic/Antipyretic/Anti-Inflammatory"
"1725","712","Paracetamol Oral Suspension IP 250mg per 5ml","60 ml","19.69","Analgesic/Antipyretic/Anti-Inflammatory"
"1726","22","Paracetamol Paediatric Oral Suspension IP 125 mg per 5 ml","60 ml","11.34","Analgesic/Antipyretic/Anti-Inflammatory"
"1727","1755","Paracetamol Suspension IP 120 mg","60 ml","12.19","Analgesic/Antipyretic/Anti-Inflammatory"
"1728","2060","Paracetamol Tablets IP 1000 Mg","10's","15","Analgesic/Antipyretic/Anti-Inflammatory"
"1729","23","Paracetamol Tablets IP 500 mg","10's","6.56","Analgesic/Antipyretic/Anti-Inflammatory"
"1730","511","Paracetamol Tablets IP 650 mg","15's","15.47","Analgesic/Antipyretic/Anti-Inflammatory"
"1731","2309","Paradichlorobenzene (2% w/v), Chlorbutol (5% w/v), Turpentine Oil (15% w/v) and Lidocaine (2% w/v) Ear drop","10ml Drop bottle in Mono Carton","28.13","Opthalmic/Otic"
"1732","614","Paradichlorobenzene 2%w/v, Benzocaine 2.7%w/v, Chlorbutol 5%w/v and Turpentine Oil 15%w/v Ear Drops","10 ml","13.41","Dermatology/Topical/External"
"1733","2188","Paroxetin Prolonged-release Tablets IP 25mg","10's","37.5","Central Nervous System (CNS)"
"1734","1955","Paroxetine Extended Release 12.5mg and Clonazepam 0.25mg Tablets","10's","37.5","Central Nervous System (CNS)"
"1735","999","Paroxetine Prolonged Release Tablets IP 37.5mg","10's","60","Central Nervous System (CNS)"
"1736","2189","Paroxetine Prolonged-release Tablets IP 12.5mg","10's","23.44","Central Nervous System (CNS)"
"1737","2452","Pazopanib Tablets 200mg","30's bottle in Monopack","2062.5","Oncology"
"1738","2453","Pazopanib Tablets 400mg","30's bottle in Monopack","2906.25","Oncology"
"1739","1215","Pemetrexed Injection IP 100 mg","VIAL","759.38","Oncology"
"1740","1216","Pemetrexed Injection IP 500 mg","VIAL","2165.63","Oncology"
"1741","2454","Penicillin G Tablets 400000 IU","10's","0","Antibiotics"
"1742","2455","Penicillin G Tablets 800000 IU","10's","0","Antibiotics"
"1743","24","Pentazocine Injection IP 30 mg per ml","1 ml","14.06","Analgesic/Antipyretic/Anti-Inflammatory"
"1744","2456","Pepsin (12.50g) + Alpha-amylase (18.75mg) Capsules","10's","0","Gastrointestinal (GIT)"
"1745","655","Pepsin 7.5mg and Fungal Diastase Enyme 12.5mg Syrup per 5ml (Mix Fruit Flavour)","200 ml","45","Enzyme Preparation"
"1746","2846","Perampanel Tablet (2 Mg)","10's","0","Central Nervous System (CNS)"
"1747","2847","Perampanel Tablet (4 Mg)","10's","0","Central Nervous System (CNS)"
"1748","9011","Perforated Plaster","Five in Mono-Pack","0","Surgical & Medical Consumables"
"1749","2211","Perindopril Erbumine 4mg and Indapamide 1.25mg Tablets","10's","65.63","Cardiovascular System (CVS)"
"1750","2210","Perindopril Erbumine 8mg Tablets","10's","75","Cardiovascular System (CVS)"
"1751","1003","Permethrin Cream 5% w/w","30 gm","22.5","Dermatology/Topical/External"
"1752","666","Pheniramine Maleate Injection IP 22.75 mg","2 ML","3.75","Anti-Histaminic"
"1753","253","Pheniramine Maleate Tablets IP 25 mg","15's","4.69","Anti-Histaminic"
"1754","2890","Phenobarbitone 200mg/1ml Injection","10 ml /vial","0","Central Nervous System (CNS)"
"1755","2891","Phenobarbitone Sodium 20mg per 5ml Syrup","100 ml","0","Central Nervous System (CNS)"
"1756","1005","Phenobarbitone Tablets IP 30mg","30's","15.94","Central Nervous System (CNS)"
"1757","1375","Phenobarbitone Tablets IP 60 mg","30's","26.25","Central Nervous System (CNS)"
"1758","1759","Phenylephrine 5 mg, Chlorpheniramine 2 mg and Dextromethorphan 15 mg Syrup","100 ml","28.13","Respiratory"
"1759","1758","Phenylephrine 5 mg,Chlorpheniramine 2 mg and Dextromethorphan 10 mg Syrup","100 ml","23.44","Respiratory"
"1760","644","Phenylephrine Hydrochloride 5mg and Chlorpheniramine Maleate 2mg Drops","15 ml Bottle","18.75","Respiratory"
"1761","1954","Phenytoin Injection IP 100mg per 2 ml","2ml Ampoule","7.5","Central Nervous System (CNS)"
"1762","327","Phenytoin Tablets IP 100 mg","100's in Bottle","56.72","Central Nervous System (CNS)"
"1763","1008","Phytomenadione Injection (Vitamin K1) IP 1mg per 0.5ml","0.5 ml Ampoule","10.31","Coagulants"
"1764","701","Pilocarpine Eye Drops IP 2% W/V","10 ml Vial","0","Opthalmic/Otic"
"1765","2727","Pilocarpine Tablets 5mg","10's","0","Opthalmic/Otic"
"1766","2848","Pioglitazone + Glimepiride Tablet (15/2 Mg)","10's","0","Anti-Diabetic"
"1767","150","Pioglitazone 15mg and Metformin 500mg Sustained Release Tablets","10's","27.84","Anti-Diabetic"
"1768","1009","Pioglitazone Tablets IP 15 mg","10's","9.08","Anti-Diabetic"
"1769","147","Pioglitazone Tablets IP 30mg","10's","13.62","Anti-Diabetic"
"1770","103","Piperacillin 4000mg and Tazobactum 500mg Injection IP","Vial & Wfi","114.38","Antibiotics"
"1771","1011","Piracetam Syrup 500mg per 5ml","100 ml","60.94","Central Nervous System (CNS)"
"1772","1760","Piracetam Tablet 800 mg","10's","31.88","Central Nervous System (CNS)"
"1773","1012","Piracetam Tablets 400mg","10's","17.53","Central Nervous System (CNS)"
"1774","1761","Pirfenidone Tablets IP 200mg","10's","0","Respiratory"
"1775","2129","Pirfenidone Tablets IP 400mg","10's","159.38","Respiratory"
"1776","513","Piroxicam Capsules IP 20 mg","10's","8.44","Analgesic/Antipyretic/Anti-Inflammatory"
"1777","707","Piroxicam Dispersible Tablets 10 mg","10's","9.38","Analgesic/Antipyretic/Anti-Inflammatory"
"1778","708","Piroxicam Dispersible Tablets 20 mg","10's","19.69","Analgesic/Antipyretic/Anti-Inflammatory"
"1779","709","Piroxicam with bezyl alcohol Injection 20 mg","1 ml","5.63","Analgesic/Antipyretic/Anti-Inflammatory"
"1780","710","Piroxicam with bezyl alcohol Injection 40 mg","2 ml","11.25","Analgesic/Antipyretic/Anti-Inflammatory"
"1781","5023","Plaster of Paris BP Bandages 10cm X 2.7m / Roll","1's","56.25","Surgical & Medical Consumables"
"1782","5022","Plaster of Paris BP Bandages 15cm X 2.7m / Roll","1's","79.69","Surgical & Medical Consumables"
"1783","8132","Plastic Bedpan","1's","65.63","Surgical & Medical Consumables"
"1784","8131","Plastic Urine Pot collector (For both Male & Female)","1's","46.88","Surgical & Medical Consumables"
"1785","8126","Pollution Control Mask/Nanofiber Mask:  made up of high efficiency nanofiber material with non ret","1's Monopack","56.25","Surgical & Medical Consumables"
"1786","2849","Polmacoxib 2 Mg Capsules","10's","0","Ortho"
"1787","8028","Polyamide (3/8 Cir Micropoint Spatulated,6mm,length 38 Cm) size 8/0","1's","328.13","Surgical & Medical Consumables"
"1788","8031","Polyamide (3/8 Cir Slim Blade Cutting Needle 15mm, Length 70 Cm)size 5/0","1's","65.63","Surgical & Medical Consumables"
"1789","8029","Polyamide (3/8 Conventional Cutting Needle 16mm Length 70 cm), USP 3/0","1's","28.13","Surgical & Medical Consumables"
"1790","8030","Polyamide (3/8 Conventional Cutting Needle 19mm Length 60 cm), Polyamide (3/8 Conventional Cutting Needle 19mm Length 60 cm), USP 4/0","1's","56.25","Surgical & Medical Consumables"
"1791","8034","Polyamide (3/8 Cutting Edge Needle, Double Arms Needle 6 mm, Suture Length 35-42 Cm Size 10/0","1's","403.13","Surgical & Medical Consumables"
"1792","8032","Polyamide (3/8 R Cutting Needle 45mm, Length 70 Cm.)size 2./0","1's","26.25","Surgical & Medical Consumables"
"1793","8058","Polybutylate / Silicon Coated Polyster Braided Green / Blue (1/2 Cir Tapercut, 17 Mm Double Needle, Suture Length 75 Cm)size 4/0","1's","79.69","Surgical & Medical Consumables"
"1794","8060","Polybutylate / Silicon Coated Polyster Braided Green / Blue (1/2 Cir Tapercut,17 Mm Double Needle, Suture Length 90 Cm)size 2/0,","1's","79.69","Surgical & Medical Consumables"
"1795","8059","Polybutylate Coated Polyster Braided White (1/2 Cir Tapercut, 17 Mm Double Needle, Suture Length 90 Cm)size 2/0","1's","79.69","Surgical & Medical Consumables"
"1796","8061","Polybutylate Coated with Polyster Braided (green/ Blue) 1/2 Circle Tapercut, 17mm Double Armed Needle, Suture Length of 90cm with Pledgets Size 6 x 3 x 1.5mm","1's","239.06","Surgical & Medical Consumables"
"1797","8062","Polybutylate Coated with Polyster Braided (green/ Blue) 1/2 Circle Tapercut, 25mm Double Armed Needle, Suture Length of 90cm with Pledgets Size 6 x 3 x 1.5mm","1's","239.06","Surgical & Medical Consumables"
"1798","2339","Polyethylene Glycol 400- 0.4% w/v and Propylene Glycol 0.3% w/v Ophthalmic solution","10ml Drop bottle in Mono Carton","0","Opthalmic/Otic"
"1799","8066","Polyglecaprone/Polyglyconate Suture (1/2 Circle Cutting 16mm Needle, Suture length 70cm), USP 4/0","1's","131.25","Surgical & Medical Consumables"
"1800","8067","Polyglecaprone/Polyglyconate Suture (3/8 Circle Cutting 25mm Needle, Suture length 70cm), USP 3/0","1's","60.94","Surgical & Medical Consumables"
"1801","696","Polymyxin B Sulphate 5000IU, Chloramphenicol 4mg and Dexamethasone 1mg Eye/Ear Drops","5 ml","39.38","Opthalmic/Otic"
"1802","8055","Polypropylene Suture (1/2 Cir Rb 13mm Needle, Suture Length 70cm, double arm), USP 6/0","1's","239.06","Surgical & Medical Consumables"
"1803","8035","Polypropylene Suture (1/2 Cir Rb, 13mm Needle, Suture Length 75cm, double arm), USP 5/0","1's","187.5","Surgical & Medical Consumables"
"1804","8041","Polypropylene Suture (1/2 Cir Rb, 17mm Needle, Suture Length 90cm), USP 4/0","1's","46.88","Surgical & Medical Consumables"
"1805","8057","Polypropylene Suture (1/2 Cir Rb, 25mm Needle, Suture Length 75cm, double arm), USP 3/0","1's","60.94","Surgical & Medical Consumables"
"1806","8043","Polypropylene Suture (1/2 Cir Rb, 25mm Needle, Suture Length 90cm), USP 3/0","1's","46.88","Surgical & Medical Consumables"
"1807","8044","Polypropylene Suture (1/2 Cir Rb, 30mm Needle, Suture Length 90cm) double arm, USP 1/0","1's","65.63","Surgical & Medical Consumables"
"1808","8039","Polypropylene Suture (1/2 Cir Rb, 30mm Needle, Suture Length 90cm), USP 2/0","1's","46.88","Surgical & Medical Consumables"
"1809","8051","Polypropylene Suture (1/2 Cir Rb, 40mm Needle, Suture Length 90cm), USP 1","1's","51.56","Surgical & Medical Consumables"
"1810","8040","Polypropylene Suture (1/2 Cir Rb, 45mm Needle, Suture Length 90cm), Polypropylene Suture (1/2 Cir Rb, 45mm Needle, Suture Length 90cm), USP 1","1's","56.25","Surgical & Medical Consumables"
"1811","8052","Polypropylene Suture (1/2 Cir Rb, Reverse Cutting, 45mm Needle, Suture Length 100cm), USP 1","1's","51.56","Surgical & Medical Consumables"
"1812","8056","Polypropylene Suture (1/2 Circle, Tapercut, 17mm Needle, Suture Length 90cm, double arm), USP 3/0","1's","65.63","Surgical & Medical Consumables"
"1813","8042","Polypropylene Suture (1/2 Tapercut, 17mm Double Needle, Suture Length 70cm), USP3/0","1's","79.69","Surgical & Medical Consumables"
"1814","8045","Polypropylene Suture (1/2 Tapercut, 17mm Double Needle, Suture Length 75cm) double arm, USP 5/0","1's","243.75","Surgical & Medical Consumables"
"1815","8046","Polypropylene Suture (1/2 Tapercut, 25mm Double Needle, Suture Length 90cm) double arm, USP 1/0","1's","201.56","Surgical & Medical Consumables"
"1816","8053","Polypropylene Suture (3/8 Cir Rb 8mm Double Needle, Suture Length 70cm), USP 8/0","1's","112.5","Surgical & Medical Consumables"
"1817","8048","Polypropylene Suture (3/8 Cir Rb, 13mm Needle, Suture Length 90cm) double arm, USP 6/0","1's","229.69","Surgical & Medical Consumables"
"1818","8038","Polypropylene Suture (3/8 Cir Rb, 16mm Needle, Suture Length 70cm), USP 5/0","1's","42.19","Surgical & Medical Consumables"
"1819","8036","Polypropylene Suture (3/8 Cir Rb, 8mm Needle, Suture Length 60cm), USP 7/0","1's","112.5","Surgical & Medical Consumables"
"1820","227","Polyvitamin Tablets NFI (Prophylactic)","10's","7.22","Supplement/Vitamin/Mineral"
"1821","2340","Pomalidomide 2mg Capsules","21's in bottle","703.13","Oncology"
"1822","2035","Potassium Citrate 1100 mg and Magnesium Citrate 375 mg and Pyridoxine Hydrochloride 20mg Syrup per 5ml","200ml","60.94","Nephrology"
"1823","1864","Potassium Citrate 1100mg and Magnesium Citrate 375mg Oral Solution","200ml Bottle","51.56","Nephrology"
"1824","2130","Potassium Magnesium Citrate 978mg, D-Mannose 300mg with Cranberry extract 200mg Sachet","5gm Sachet","0","Urology"
"1825","2622","Potassium Nitrate 5% w/w and Sodium Monofluoro Phosphate 0.7% w/w Toothpaste Gel (Fresh-Mint Flavour)","100g","32.81","Stomatologicals"
"1826","2005","Potassium Nitrate Toothpaste 5% w/w","100gm","46.41","STOMATOLOGICALS"
"1827","2059","Povidone Iodine Gargle 2% w/v","100ml Bottle","37.5","Antiseptic/Disinfectants"
"1828","2623","Povidone Iodine IP 5% w/w Spray","50ml","0","Antiseptic/Disinfectants"
"1829","125","Povidone Iodine Ointment 5% w/w","15 gm tubes","15.88","Antiseptic/Disinfectants"
"1830","124","Povidone Iodine Ointment 5% w/w","250 gm tubes/Jar","107.81","Antiseptic/Disinfectants"
"1831","129","Povidone Iodine Solution 7.5% w/v","500 ml","113.44","Antiseptic/Disinfectants"
"1832","2493","Povidone- Iodine Solution IP 10 % w/v","100 ml Bottle","46.88","Antiseptic/Disinfectants"
"1833","612","Povidone-Iodine Powder 5% W/W","10 gm Container","17.81","Antiseptic/Disinfectants"
"1834","126","Povidone-Iodine Solution IP 10 % w/v","500 ml","135.94","Antiseptic/Disinfectants"
"1835","127","Povidone-Iodine Solution IP 5 % w/v","100 ml","21.66","Antiseptic/Disinfectants"
"1836","2341","Pramipexole 0.75mg Tablets","10's","15","Central Nervous System (CNS)"
"1837","2342","Pramipexole 1.5mg Tablets","10's","24.38","Central Nervous System (CNS)"
"1838","2190","Pramipexole Dihydrochloride Tablets 0.25mg","10's","45.94","Central Nervous System (CNS)"
"1839","1382","Prasugrel Tablets IP 10 mg","10's","61.88","Cardiovascular System (CVS)"
"1840","1763","Prazosin Extended Release Tablets 5mg","10's","28.88","Cardiovascular System (CVS)"
"1841","1238","Prazosin Hydrochloride Sustained Release Tablets 2.5 mg","30's","56.25","Cardiovascular System (CVS)"
"1842","416","Prazosin Tablets IP 5 mg","15's","31.77","Cardiovascular System (CVS)"
"1843","2149","Pre & Pro-Biotic Capsules (Bacillus Mesentericus - 2M, Clostridium Butyricum - 4M, Lactobacillus Sporogenes - 100M, Streptococcus Faecalis - 60M)","10's","51.56","Gastrointestinal (GIT)"
"1844","2892","Prednisolone (15Mg/5Ml) Syrup","60 ml / 1 Bottle","0","Steroids & Hormones"
"1845","2893","Prednisolone Dispersible Tablet (20Mg)","15's","0","Steroids & Hormones"
"1846","2131","Prednisolone Sodium Phosphate Eye Drops IP 1%w/v","10ml Drops","14.06","Opthalmic/Otic"
"1847","2894","Prednisolone Tablet (40Mg)","10's","0","Steroids & Hormones"
"1848","330","Prednisolone Tablets IP 10 mg","10's","8.44","Steroids & Hormones"
"1849","329","Prednisolone Tablets IP 5 mg","15's","7.5","Steroids & Hormones"
"1850","2132","Pregabalin (Sustained release) 75mg and Methylcobalamin 1500mcg Tablets","10's","46.88","Central Nervous System (CNS)"
"1851","2276","Pregabalin 50mg and Duloxetin (Delayed Release) 20mg Capsules","10's","32.81","Central Nervous System (CNS)"
"1852","1764","Pregabalin 75 mg and Methylcobalamin 1500 mcg and Nortriptyline 10 mg Tablets","10's","46.41","Central Nervous System (CNS)"
"1853","2275","Pregabalin 75mg and Duloxetin (Delayed Release) 20mg Capsules","10's","42.19","Central Nervous System (CNS)"
"1854","2274","Pregabalin 75mg and Duloxetin (Delayed Release) 30mg Capsules","10's","46.88","Central Nervous System (CNS)"
"1855","1765","Pregabalin 75mg and Methylcobalamin 750mcg Capsule IP","10's","39.7","Central Nervous System (CNS)"
"1856","598","Pregabalin 75mg and Methylcobalamin 750mcg Tablets","10's","39.19","Central Nervous System (CNS)"
"1857","1383","Pregabalin 75mg and Nortriptyline 10mg Tablets","10's","35.17","Central Nervous System (CNS)"
"1858","3","Pregabalin Capsules IP 75 mg","10's","22.69","Central Nervous System (CNS)"
"1859","599","Pregabalin Tablets 75 mg","10's","24.96","Central Nervous System (CNS)"
"1860","2133","Pregabalin Tablets IP 150mg","10's","28.13","Central Nervous System (CNS)"
"1861","9059","Pregnancy Back Support Belt","One in Mono-Carton","0","Surgical & Medical Consumables"
"1862","1894","Primaquine Phosphate Tablets IP 2.5 mg","10's","9.38","Anti-Malarial"
"1863","1893","Primaquine Phosphate Tablets IP 7.5 mg","10's","12.19","Anti-Malarial"
"1864","1767","Probiotic Microbes Capsules 5mg","10's","26.25","Gastrointestinal (GIT)"
"1865","328","Prochlorperazine Tablets IP 5 mg","10's","5.63","Central Nervous System (CNS)"
"1866","2343","Procyclidine 2.5mg Tablets","10's","0","Central Nervous System (CNS)"
"1867","2344","Procyclidine 5mg Tablets","10's","32.81","Central Nervous System (CNS)"
"1868","2191","Progesterone 100mg/2ml Injection IP","2ml Ampoule in Mono blister","0","Gynaecology"
"1869","733","Progesterone Sustained Release Tablets 200 mg","10's","152.81","Gynaecology"
"1870","1024","Promethazine Injection IP 25 mg per ml","2 ml","2.81","Anti-Emetic"
"1871","254","Promethazine Syrup IP 5mg per 5ml","100 ml","13.13","Anti-Emetic"
"1872","485","Promethazine Tablets IP 25 mg","10's","6.56","Anti-Emetic"
"1873","358","Propofol Injection IP 10 mg per ml","10 ml Vial","36.56","Anaesthetics"
"1874","2202","Propranolol Hydrochloride 40mg Sustained Release) and Flunarizine Dihydrochloride 10mg Tablets","10's","18.75","Cardiovascular System (CVS)"
"1875","1026","Propranolol Tablets IP 10mg","10's","5.68","Cardiovascular System (CVS)"
"1876","2457","Propranolol Tablets IP 20mg","10's","5.63","Cardiovascular System (CVS)"
"1877","434","Propranolol Tablets IP 40 mg","10's","6.81","Cardiovascular System (CVS)"
"1878","1203","Protamine Sulphate Injection IP 10mg per ml","5 ml Vial/Ampoule","21","Anticoagulant"
"1879","2238","Protein Powder (100% Whey Protein) 1 kg (2.2 lbs) Jar","1 kg (2.2 lbs) Jar","1333.86","Nutraceuticals"
"1880","1769","Prucalopride Tablet 2 mg","10's","112.5","Gastrointestinal (GIT)"
"1881","1770","Prucalopride Tablets 1mg","10's","84.38","Gastrointestinal (GIT)"
"1882","8172","Pulse Oximeter","1's","464.06","Surgical & Medical Consumables"
"1883","1450","Pyrantel Pamoate Oral Suspension IP 250mg per 5ml","10 ml","11.25","Anthelmintic"
"1884","1029","Pyrazinamide Tablets IP 1000mg","10's","0","Anti-T.B"
"1885","2144","Pyridostigmine Bromide Tablets IP 60mg","10's","67.5","Central Nervous System (CNS)"
"1886","223","Pyridoxine Hydrochloride 10mg, Doxylamine 10mg and Folic Acid 2.5mg Tablets","30's","32.81","Supplement/Vitamin/Mineral"
"1887","1452","Pyridoxine Hydrochloride Sustained release tablets 100mg","10's","32.81","Supplement/Vitamin/Mineral"
"1888","597","Pyridoxine Tablets IP 50 mg","10's","8.44","Supplement/Vitamin/Mineral"
"1889","2345","Pyridoxine-3mg, Niacinamide-50mg, Folic Acid-1.5mg, Lactic Acid Bacillus 4 million spores Capsules","10's","0","Supplement/Vitamin/Mineral"
"1890","1031","Quetiapine Fumarate Tablets IP 200mg","10's","60.94","Central Nervous System (CNS)"
"1891","2624","Quetiapine Prolonged release Tablets IP 300mg","10's","70.31","Central Nervous System (CNS)"
"1892","1032","Quetiapine Tablets IP 100mg","10's","34.03","Central Nervous System (CNS)"
"1893","1384","Quetiapine Tablets IP 25 mg","10's","10.31","Central Nervous System (CNS)"
"1894","2458","Quetiapine Tablets IP 50mg","10's","16.88","Central Nervous System (CNS)"
"1895","375","Quinine Sulphate Tablets IP 300 mg","10's","31","Anti-Malarial"
"1896","1897","Quinine Sulphate Tablets IP 600 mg","10's","50","Anti-Malarial"
"1897","2895","Rabeprazole (20 Mg) + Mosapride (15Mg) Tablet","10's","0","Gastrointestinal (GIT)"
"1898","214","Rabeprazole 20mg (Enteric Coated) and Domperidone 30mg (Sustained Release) Capsules","10's","18.57","Gastrointestinal (GIT)"
"1899","482","Rabeprazole 20mg (Enteric Coated) and Levosulpiride 75mg (Sustained Release) Capsules","10's","37.13","Gastrointestinal (GIT)"
"1900","682","Rabeprazole 20mg and Domperidone 10mg Capsules","10's","20.63","Gastrointestinal (GIT)"
"1901","215","Rabeprazole Gastro Resistant Tablets IP 20 mg","10's","9.08","Gastrointestinal (GIT)"
"1902","683","Rabeprazole Sodium (Gastro-resistant) 20mg and Itopride Hydrochloride Prolonged release 150mg Capsules IP","10's","37.5","Gastrointestinal (GIT)"
"1903","574","Rabies Vaccine, Human IP","1 ml vial with diluent in Mono pack","295","Anti-Rabies"
"1904","1774","Racecadotril Capsule IP 100 mg","15's","103.13","Gastrointestinal (GIT)"
"1905","2010","Racecadotril Sachet IP 10mg","1gm Sachet","4.69","Gastrointestinal (GIT)"
"1906","2011","Racecadotril Sachet IP 15mg","1gm Sachet","5.16","Gastrointestinal (GIT)"
"1907","2012","Racecadotril Sachet IP 30mg","3gm Sachet","5.63","Gastrointestinal (GIT)"
"1908","2459","Ramipril 2.5mg and Hydrochlorothiazide12.5mg Tablets","10's","70.31","Cardiovascular System (CVS)"
"1909","448","Ramipril 5mg and Amlodipine 5mg Tablets","10's","23.44","Cardiovascular System (CVS)"
"1910","431","Ramipril 5mg and Hydrochlorothiazide 12.5mg Tablets IP","10's","13.13","Cardiovascular System (CVS)"
"1911","2460","Ramipril Tablets IP 1.25mg","10's","0","Cardiovascular System (CVS)"
"1912","2192","Ramipril Tablets IP 10mg","10's","18.75","Cardiovascular System (CVS)"
"1913","293","Ramipril Tablets IP 2.5 mg","10's","7.94","Cardiovascular System (CVS)"
"1914","294","Ramipril Tablets IP 5 mg","10's","10.32","Cardiovascular System (CVS)"
"1915","9048","Range of Motion - Elbow Brace","1's","0","Surgical & Medical Consumables"
"1916","9047","Range of Motion - Knee Brace","1's","0","Surgical & Medical Consumables"
"1917","1297","Ranitidine 150mg and Domperidone 10mg Tablets","15's","15.47","Gastrointestinal (GIT)"
"1918","216","Ranitidine Injection IP 25 mg per ml","2 ml","3.75","Gastrointestinal (GIT)"
"1919","1777","Ranitidine Syrup IP 75 mg per 5ml","100 ml","23.44","Gastrointestinal (GIT)"
"1920","217","Ranitidine Tablets IP 150 mg","10's","6.19","Gastrointestinal (GIT)"
"1921","218","Ranitidine Tablets IP 300 mg","10's","13.41","Gastrointestinal (GIT)"
"1922","2004","Ranolazine Extended Release Tablets 1000mg","10's","70.31","Cardiovascular System (CVS)"
"1923","1778","Ranolazine Extended Release Tablets 500mg","10's","56.72","Cardiovascular System (CVS)"
"1924","5077","Rapid Diagnostic Malaria Test Kit","1's mono-carton","25.31","Surgical & Medical Consumables"
"1925","2625","Rasagiline Tablets 0.5mg","10's","0","Central Nervous System (CNS)"
"1926","2626","Rasagiline Tablets 1mg","10's","0","Central Nervous System (CNS)"
"1927","2728","Rebamipide Tablets 100 mg","10's","46.88","Gastrointestinal (GIT)"
"1928","2251","Recombinant Human Tissue type Plasminogen Activator Injection 20mg (Alteplase)","Vial with WFI and Transfer canula in Mono Carton","0","Cardiovascular System (CVS)"
"1929","2252","Recombinant Human Tissue type Plasminogen Activator Injection 50mg (Alteplase)","Vial with WFI and Transfer canula in Mono Carton","0","Cardiovascular System (CVS)"
"1930","9060","Reinforced Adhesive Skin Closures","1/4 inch x 4 in 10 strips pack","0","Surgical & Medical Consumables"
"1931","2194","Remogliflozin Etabonate 100mg and Metformin Hydrochloride 1000mg Tablets","10's","0","Anti-Diabetic"
"1932","2461","Remogliflozin Etabonate 100mg and Teneligliptin 10mg Tablets","10's","0","Anti-Diabetic"
"1933","2193","Remogliflozin Etabonate 100mg and Vildagliptin 50mg Tablets","10's","0","Anti-Diabetic"
"1934","2195","Remogliflozin Etabonate 100mg Tablets","10's","0","Anti-Diabetic"
"1935","2462","Remogliflozin Etabonate 100mg, Vildagliptin 50mg and Metformin Hydrochloride 500mg Tablets","10's","0","Anti-Diabetic"
"1936","2196","Remogliflozin Etabonate Tablets 100mg and Metformin Hydrochloride 500mg Tablets","10's","0","Anti-Diabetic"
"1937","2241","Renal care protein powder (Low Protein)","400g Jar","355.93","Nutraceuticals"
"1938","2242","Renal care protein powder for dialysis patients (High Protein)","400g Jar","444.92","Nutraceuticals"
"1939","2463","Repaglinide 0.5mg and Voglibose 0.2mg Tablets IP","10's","18.75","Anti-Diabetic"
"1940","2464","Repaglinide 0.5mg and Voglibose 0.3mg Tablets IP","10's","23.44","Anti-Diabetic"
"1941","1969","Repaglinide 1mg and Metformin Hydrochloride (Sustained-release) 500mg Tablets IP","10's","28.13","Anti-Diabetic"
"1942","2465","Repaglinide 1mg and Voglibose 0.2mg Tablets IP","10's","28.13","Anti-Diabetic"
"1943","2466","Repaglinide 1mg and Voglibose 0.3mg Tablets IP","10's","32.81","Anti-Diabetic"
"1944","1970","Repaglinide 2mg and Metformin Hydrochloride (Sustained-release) 500mg Tablets IP","10's","32.81","Anti-Diabetic"
"1945","1966","Repaglinide Tablet IP 0.5mg","10's","14.06","Anti-Diabetic"
"1946","1967","Repaglinide Tablet IP 1mg","10's","23.44","Anti-Diabetic"
"1947","1968","Repaglinide Tablet IP 2mg","10's","32.81","Anti-Diabetic"
"1948","9002","Reusable Menstrual Cup (Large)","One in Mono-Pack","185","Surgical & Medical Consumables"
"1949","9001","Reusable Menstrual Cup (Medium)","One in Mono-Pack","180","Surgical & Medical Consumables"
"1950","9000","Reusable Menstrual Cup (Small)","One in Mono-Pack","175","Surgical & Medical Consumables"
"1951","2134","Ribavirin Capsules USP 200mg","4's","50","Hepato-protective"
"1952","2046","Riboflavin 10Mg,Folic Acid 1.5Mg, Niacinamide 100Mg & Lactic Acid Bacillus 60 Million Spores Tablets","10's","22.5","Supplement/Vitamin/Mineral"
"1953","1951","Rifaximin Tablets 200 mg","10's","65.63","Antibiotics"
"1954","481","Rifaximin Tablets 400 mg","10's","121.88","Antibiotics"
"1955","1952","Rifaximin Tablets 550 mg","10's","159.38","Antibiotics"
"1956","720","Ringer Lactate Infusion","500 ml in FFS Bottle","24.75","Electrolytes"
"1957","2729","Risperidone 2mg Trihexyphenidyl 2 mg Tablets (mouth Dissolving )","10's","9.38","Central Nervous System (CNS)"
"1958","2730","Risperidone 3mg Trihexyphenidyl 2 mg Tablets","10's","0","Central Nervous System (CNS)"
"1959","1041","Risperidone 4mg and Trihexiphenidyl 2mg Tablets","10's","13.41","Central Nervous System (CNS)"
"1960","1957","Risperidone Tablets IP 1mg","10's","7.5","Central Nervous System (CNS)"
"1961","1958","Risperidone Tablets IP 2 mg","10's","9.38","Central Nervous System (CNS)"
"1962","2197","Risperidone Tablets IP 3 mg","10's","10.31","Central Nervous System (CNS)"
"1963","1042","Risperidone Tablets IP 4mg","10's","8.44","Central Nervous System (CNS)"
"1964","2257","Rituximab 100mg/10ml Injection","10ml vial","3750","Oncology"
"1965","2258","Rituximab 500mg/50ml Injection","50ml vial","10968.75","Oncology"
"1966","2731","Rivaroxaban Tablet 15 mg","14's","117.19","Anticoagulant"
"1967","2732","Rivaroxaban Tablet 2.5 mg","14's","42.19","Anticoagulant"
"1968","1780","Rivaroxaban Tablets 10mg","30's","196.88","Cardiovascular System (CVS)"
"1969","1781","Rivaroxaban Tablets 20mg","14's","140.63","Cardiovascular System (CVS)"
"1970","2733","Rivastigmine Capsules 1.5mg","10's","46.88","Central Nervous System (CNS)"
"1971","2734","Rivastigmine Capsules 3mg","10's","0","Central Nervous System (CNS)"
"1972","2735","Rivastigmine Capsules 4.5 mg","10's","0","Central Nervous System (CNS)"
"1973","2736","Rivastigmine Capsules 6 mg","10's","0","Central Nervous System (CNS)"
"1974","2738","Rivastigmine Transdermal Patch 18mg (9.5mg/24 hour)","30's in monocarton","0","Central Nervous System (CNS)"
"1975","2739","Rivastigmine Transdermal Patch 27mg (13.3mg/24 hour)","30's in monocarton","0","Central Nervous System (CNS)"
"1976","2737","Rivastigmine Transdermal Patch 9mg (4.6mg/24 hour)","30's in monocarton","0","Central Nervous System (CNS)"
"1977","2741","Rizatriptan Benzoate Orally Disintegrating Strips 10 mg","5's in Mono-carton","150","Central Nervous System (CNS)"
"1978","2740","Rizatriptan Benzoate Orally Disintegrating Strips 5 mg","5's in Mono-carton","90.94","Central Nervous System (CNS)"
"1979","2742","Romiplostim Powder and Solvent for solution for Injection 250mcg per 0.5 vial","Vial","0","Coagulants"
"1980","2743","Romiplostim Powder and Solvent for solution for Injection 500mcg per vial","Vial","0","Coagulants"
"1981","2199","Ropinirole Tablets 0.25mg","10's","0","Central Nervous System (CNS)"
"1982","2198","Ropinirole Tablets IP 0.5mg","10's","14.06","Cardiovascular System (CVS)"
"1983","2022","Ropinirole Tablets IP 1 mg","10's","18.75","Central Nervous System (CNS)"
"1984","2023","Ropinirole Tablets IP 2 mg","10's","28.13","Central Nervous System (CNS)"
"1985","2024","Ropinirole Tablets IP 4 mg","10's","0","Central Nervous System (CNS)"
"1986","1782","Rosehip Extract 275mg, Devil's Claw Extract (20%) 100mg and Boswellia serrata Extract (65%) 307.5mg Capsules","10's","84.38","Ortho"
"1987","2850","Rosuvastatin + Cholecalciferol Tablet (10 Mg/1000 IU)","10's","0","Cardiovascular System (CVS)"
"1988","2851","Rosuvastatin + Ezetimibe Tablet (10/ 10Mg)","10's","0","Cardiovascular System (CVS)"
"1989","2852","Rosuvastatin + Ezetimibe Tablet (20/ 10Mg)","10's","0","Cardiovascular System (CVS)"
"1990","1393","Rosuvastatin 10mg and Clopidogrel 75mg Capsules","10's","43.32","Cardiovascular System (CVS)"
"1991","435","Rosuvastatin 10mg and Fenofibrate 160mg Tablets IP","10's","35.17","Cardiovascular System (CVS)"
"1992","1785","Rosuvastatin 10mg, Aspirin 75mg and Clopidogrel 75mg Capsules","10's","51.05","Cardiovascular System (CVS)"
"1993","2494","Rosuvastatin 20mg and Aspirin 75mg Capsules","10's","37.5","Cardiovascular System (CVS)"
"1994","2853","Rosuvastatin 20Mg And Clopidogrel 75Mg Capsules","10's","0","Cardiovascular System (CVS)"
"1995","1783","Rosuvastatin 20mg and Fenofibrate 160mg Tablets IP","10's","37.5","Cardiovascular System (CVS)"
"1996","1786","Rosuvastatin 20mg, Aspirin 75mg and Clopidogrel 75mg Capsules","10's","56.72","Cardiovascular System (CVS)"
"1997","759","Rosuvastatin Tablets IP 10mg","15's","19.28","Cardiovascular System (CVS)"
"1998","418","Rosuvastatin Tablets IP 20 mg","10's","29.49","Cardiovascular System (CVS)"
"1999","1784","Rosuvastatin Tablets IP 40mg","10's","45.38","Cardiovascular System (CVS)"
"2000","1044","Rosuvastatin Tablets IP 5mg","10's","13.62","Cardiovascular System (CVS)"
"2001","105","Roxithromycin Tablets IP 150 mg","10's","26.25","Antibiotics"
"2002","106","Roxithromycin Tablets IP 300 mg","10's","46.88","Antibiotics"
"2003","6007","Rubber Examination Gloves, Non-sterile (Medium)","1's","3.97","Surgical & Medical Consumables"
"2004","6006","Rubber Examination Gloves, Non-sterile (Small)","1's","3.28","Surgical & Medical Consumables"
"2005","2896","Rupatadine (10Mg) + Montelukast (10Mg) Tablet","10's","0","Respiratory"
"2006","2897","Rupatadine 10 Mg Tab","10's","0","Anti-Histaminic"
"2007","6045","Ryles Tube/Nasogastric Tube (Size 10)","1's","10.31","Surgical & Medical Consumables"
"2008","6046","Ryles Tube/Nasogastric Tube (Size 12)","1's","10.31","Surgical & Medical Consumables"
"2009","6047","Ryles Tube/Nasogastric Tube (Size 14)","1's","10.31","Surgical & Medical Consumables"
"2010","6048","Ryles Tube/Nasogastric Tube (Size 16)","1's","10.31","Surgical & Medical Consumables"
"2011","6049","Ryles Tube/Nasogastric Tube (Size 18)","1's","10.31","Surgical & Medical Consumables"
"2012","1787","S (-) Amlodipine Tablets IP 5mg","15's","10.32","Cardiovascular System (CVS)"
"2013","2348","S-Adenosyl L- Methionine 400mg Tablets","10's","234.38","Hepato-Protective"
"2014","2347","S-Adenosyl L-Methionine 200mg Tablets","10's","112.5","Hepato-Protective"
"2015","2855","S-Amlodipine + Hydrochlorothiazide Tablet (2.5/12.5 Mg)","10's","0","Cardiovascular System (CVS)"
"2016","2857","S-Metoprolol + S-Amlodipine Tablet (25/2.5 Mg)","10's","0","Cardiovascular System (CVS)"
"2017","2858","S-Metoprolol + S-Amlodipine Tablet (25/5 Mg)","10's","0","Cardiovascular System (CVS)"
"2018","2859","S-Metoprolol + Telmisartan Tablet (25/ 20Mg)","10's","0","Cardiovascular System (CVS)"
"2019","1789","S(-) Amlodipine 2.5mg and Atenolol 50mg Tablets","10's","14.06","Cardiovascular System (CVS)"
"2020","427","S(-)Amlodipine Tablets IP 2.5 mg","10's","12.47","Cardiovascular System (CVS)"
"2021","1790","Saccharomyces Boulardii Capsule 250mg","5's","61.88","Gastrointestinal (GIT)"
"2022","1791","Saccharomyces Boulardii Powder 250mg","1’s Sachet","14.06","Gastrointestinal (GIT)"
"2023","1792","Sacubitril 24mg and Valsartan 26mg Tablets","10's","67.5","Cardiovascular System (CVS)"
"2024","1793","Sacubitril 49mg and Valsartan 51mg Tablets","10's","131.25","Cardiovascular System (CVS)"
"2025","2218","Sacubitril 97mg and Valsartan 103mg Tablets","7’s","212.81","Cardiovascular System (CVS)"
"2026","2854","Safinamide Tablet (50 Mg)","10's","0","Central Nervous System (CNS)"
"2027","567","Salbutamol 100mcg and Ipratropium 20mcg Inhaler","200 MDI","103.13","Respiratory"
"2028","255","Salbutamol Inhalation IP 100mcg","200 md","52.5","Respiratory"
"2029","1794","Salbutamol Rotacaps 200mcg","60 s in Container","22.5","Respiratory"
"2030","259","Salbutamol Syrup IP 2mg per 5ml","100 ml","10.31","Respiratory"
"2031","256","Salbutamol Tablets IP 2mg","10's","0.94","Respiratory"
"2032","260","Salbutamol Tablets IP 4 mg","10's","1.88","Respiratory"
"2033","1795","Salicylic acid 1.15%w/w, Dithranol 1.15%w/w and Coal Tar 5.3%w/w Ointment","30 gm","42.19","Dermatology/Topical/External"
"2034","2259","Salicylic Acid 1% w/v Foaming Facewash","60ml Lami Tube","46.88","Derma Care"
"2035","2261","Salicylic Acid 2% w/v Foaming Facewash","60ml Lami Tube","65.63","Derma Care"
"2036","2260","Salicylic Acid 3% powder","150gm bottle","0","Dermatology/Topical/External"
"2037","542","Saline Nasal Drops (Sodium Chloride 0.65% w/v)","20 ml","11.25","Respiratory"
"2038","568","Salmeterol 25mcg and Fluticasone Propionate 250mcg Inhaler IP","100 MD","234.38","Respiratory"
"2039","532","Salmeterol 50mcg and Fluticasone 250mcg Rotacaps","30's","112.5","Respiratory"
"2040","2467","Salmeterol 50mcg and Fluticasone 500mcg Rotacaps","30's in Monocarton","140.63","Respiratory"
"2041","1796","Salmeterol 50mcg and Fluticasone Propionate 100mcg Powder for Inhalation IP","30's","70.31","Respiratory"
"2042","1797","Saroglitazar Tablets 4mg","10's","0","Cardiovascular System (CVS)"
"2043","1799","Saxagliptin Tablets 5mg","10's","87.19","Anti-Diabetic"
"2044","5024","Scalp Vein Set (Disposable) (18G)","1's","6.56","Surgical & Medical Consumables"
"2045","5025","Scalp Vein Set (Disposable) (20G)","1's","6.56","Surgical & Medical Consumables"
"2046","5026","Scalp Vein Set (Disposable) (22G)","1's","6.56","Surgical & Medical Consumables"
"2047","5027","Scalp Vein Set (Disposable) (24G)","1's","6.56","Surgical & Medical Consumables"
"2048","2200","Selegiline Hydrochloride 5mg Tablets","10's","28.13","Central Nervous System (CNS)"
"2049","1995","Selenium Sulphide Shampoo 1% w/w","60ml Flip top Jar","89.06","Derma Care"
"2050","1487","Selenium Sulphide Shampoo 2.5% w/v","120 ml","174.38","Derma Care"
"2051","2627","Selexipag Tablets 200mcg","10's","393.75","Cardiovascular System (CVS)"
"2052","2628","Selexipag Tablets 400mcg","10's","0","Cardiovascular System (CVS)"
"2053","8","Serratiopeptidase 10mg and Diclofenac Sodium 50mg Tablets","10's","15.88","Analgesic/Antipyretic/Anti-Inflammatory"
"2054","25","Serratiopeptidase Tablets IP 10 mg","10's","12.47","Analgesic/Antipyretic/Anti-Inflammatory"
"2055","2629","Sertaconazole Dusting Powder 2% w/w","30g","0","Anti-Fungal"
"2056","1396","Sertaconazole Nitrate Cream IP 2%w/w","15 gm","56.25","Anti-Fungal"
"2057","1050","Sertraline Tablets IP 100mg","10's","20.63","Central Nervous System (CNS)"
"2058","1051","Sertraline Tablets IP 25mg","10's","14.06","Central Nervous System (CNS)"
"2059","1049","Sertraline Tablets IP 50mg","10's","18.57","Central Nervous System (CNS)"
"2060","2349","Sevelamer 800mg Tablets","10's","75","Nephrology"
"2061","2201","Sevelamer Carbonate Tablets 400mg","10's","51.56","Nephrology"
"2062","2374","Shilajit Capsule 500 mg","60's in Bottle","160","Ayurvedic"
"2063","2270","Sildenafil 50mg Oral Disintegrating Strips","5's in Mono Carton","46.88","Urology"
"2064","2745","Sildenafil Orally Disintegrating Strips 100 mg","5's in mono-carton","0","Urology"
"2065","1108","Sildenafil Tablets IP 100 mg","4's","10.32","Urology"
"2066","2630","Sildenafil Tablets IP 20mg","10's","6.56","Cardiovascular System (CVS)"
"2067","569","Sildenafil Tablets IP 50 mg","4's","10.21","Urology"
"2068","8023","Silk Suture (1/2 Cir Rb needle 20mm, Length 76 cm), USP-3/0","1's","28.13","Surgical & Medical Consumables"
"2069","8027","Silk Suture (3/8 Cir Rb needle 16mm, Length 76 cm), USP 4/0","1's","32.81","Surgical & Medical Consumables"
"2070","8026","Silk Suture (3/8 Cir Rb needle 20mm, Length 76 cm) USP 2/0,","1's","51.56","Surgical & Medical Consumables"
"2071","8024","Silk Suture (3/8 Circle Reverse cutting needle 26mm, Length 76 cm), Silk Suture (3/8 Circle Reverse cutting needle 26mm, Length 76 cm), USP3/0","1's","28.13","Surgical & Medical Consumables"
"2072","8025","Silk Suture (3/8 Circle Reverse cutting needle 45mm, Length 76 cm), USP 2/0","1's","28.13","Surgical & Medical Consumables"
"2073","1867","Silodosin 4mg and Dutasteride 0.5mg Capsules","10's","93.75","Urology"
"2074","1868","Silodosin 8mg and Dutasteride 0.5mg Capsules","10's","144.38","Urology"
"2075","1865","Silodosin Capsules 4 mg","10's","46.88","Urology"
"2076","1866","Silodosin Capsules 8 mg","10's","77.34","Urology"
"2077","609","Silver Nitrate 0.20% w/w and Chlorhexidine Gluconate 0.20% w/w Cream","15 Gms Tube","23.44","Burn Relief"
"2078","132","Silver Sulphadiazine 1% w/w, Chlorhexidine Gluconate 0.2% w/w, Allantoin 0.1% w/w, Aloe vera 15% w/w Cream","500 gm","468.75","Burn Relief"
"2079","131","Silver Sulphadiazine 1% w/w, Chlorhexidine Gluconate 0.2% w/w, Allantoin 0.1% w/w, Aloe vera 15% w/w Cream","20 gm","28.13","Burn Relief"
"2080","2009","Silymarin Tablet 140 mg","10's","28.13","Hepato-Protective"
"2081","2008","Simethicone 40Mg , Dill Oil 0.005Ml And  Fennel Oil 0.0007Ml Drops","30ml Oral Drops","18.75","Enzyme Preparation"
"2082","295","Simvastatin Tablets IP 10mg","10's","10.31","Cardiovascular System (CVS)"
"2083","296","Simvastatin Tablets IP 20mg","10's","15","Cardiovascular System (CVS)"
"2084","2631","Sirolimus Tablets 1mg","10's","187.5","Immunosuppressant"
"2085","2856","Sitagliptin + Pioglitazone + Metformin Tablet (100/15/500 Mg)","10's","0","Anti-Diabetic"
"2086","2363","Sitagliptin 100mg and Metformin 1000mg Extended Release Tablets","10's","84.38","Anti-Diabetic"
"2087","2632","Sitagliptin 100mg and Metformin 500mg Extended Release Tablets","10's","65.63","Anti-Diabetic"
"2088","2364","Sitagliptin 50mg and Metformin 500mg Extended Release Tablets","10's","51.56","Anti-Diabetic"
"2089","2746","Sitagliptin 50mg, Glimepiride 1mg and Metformin Hydrochloride 1000mg Tablets","10's","58.13","Anti-Diabetic"
"2090","2747","Sitagliptin 50mg, Glimepiride 2mg and Metformin Hydrochloride 1000mg Tablets","10's","60.94","Anti-Diabetic"
"2091","1801","Sitagliptin Phosphate 50mg & Metformin Hydrochloride 1000mg Tablets","10's","61.88","Anti-Diabetic"
"2092","1802","Sitagliptin Phosphate 50mg & Metformin Hydrochloride 500mg Tablets","10's","56.72","Anti-Diabetic"
"2093","1803","Sitagliptin Phosphate Tablets IP 100mg","10's","82.5","Anti-Diabetic"
"2094","1804","Sitagliptin Phosphate Tablets IP 50mg","10's","44.34","Anti-Diabetic"
"2095","8078","Skin Grafting Knife Blade (Sterile)","1's","84.38","Surgical & Medical Consumables"
"2096","2007","Sodium Bicarbonate Tablet 1000 mg","10's","15.47","Gastrointestinal (GIT)"
"2097","2006","Sodium Bicarbonate Tablet 500 mg","10's","10.32","Gastrointestinal (GIT)"
"2098","732","Sodium Chloride Injection IP 0.9%W/V","100 ml IV Fluid Plastic Container","14.06","Electrolytes"
"2099","1458","Sodium Chloride Injection IP 0.9%w/v","500 ml IV Fluid Plastic Container","28.13","Electrolytes"
"2100","2033","Sodium Hyaluronate Eye Drops 0.1% w/v","10ml Drops","46.88","Opthalmic/Otic"
"2101","478","Sodium Picosulphate Tablets 10 mg","10's","10.31","Gastrointestinal (GIT)"
"2102","1806","Sodium Valproate 200mg and Valproic acid 87mg Controlled Release Tablets","10's","23.44","Central Nervous System (CNS)"
"2103","1807","Sodium Valproate 333mg and Valproic acid 145mg Controlled Release Tablets","10's","43.32","Central Nervous System (CNS)"
"2104","1059","Sodium Valproate Enteric Coated Tablets IP 200mg","10's","17.53","Central Nervous System (CNS)"
"2105","1060","Sodium Valproate Gastro-Resistant Tablets IP 300mg","10's","20.63","Central Nervous System (CNS)"
"2106","1805","Sodium Valproate Oral solution IP 200mg per 5ml","200 ml Plastic Bottle","51.56","Central Nervous System (CNS)"
"2107","2031","Sofosbuvir 400mg and Velpatasvir 100mg Tablets","28's Bottle","0","Hepato-Protective"
"2108","1062","Sofosbuvir Tablets IP 400mg","28's in a bottle","4125","Hepato-Protective"
"2109","1870","Solifenacin Succinate Tablets IP 10 mg","10's","75","Urology"
"2110","1869","Solifenacin Succinate Tablets IP 5 mg","10's","60.94","Urology"
"2111","920","Soluble Insulin Injection IP 100 IU per ml (R-DNA Origin)","3 ml Catridge","170","Anti-Diabetic"
"2112","142","Soluble Insulin Injection IP 40 IU per ml (R-DNA Origin)","10 ml Vial","85.91","Anti-Diabetic"
"2113","2262","Somatotropin 4 IU (Recombinant Human Growth Hormone) Powder for Injection","Vial with WFI in Mono Carton","0","Steroids & Hormones"
"2114","2468","Sorafenib Tablets 200mg","120's Bottle","3000","Oncology"
"2115","479","Sorbitol 7.15g and Tricholine Citrate 550mg per 10ml Solution","200 ML","37.5","Gastrointestinal (GIT)"
"2116","8177","Specican 30 ml","1's","8","Surgical & Medical Consumables"
"2117","2135","Spironolactone 50mg and Torasemide 20mg Tablets","10's","39.38","Diuretic"
"2118","2749","Spironolactone Tablets IP 100mg","15's","79.69","Diuretic"
"2119","449","Spironolactone Tablets IP 25 mg","15's","20.63","Diuretic"
"2120","2748","Spironolactone Tablets IP 50 mg","15's","34.22","Diuretic"
"2121","6021","Sterile Catheter Single Use for Urinary Drainage (Foley Balloon Catheter), 2 way (10FG)","1's","60.94","Surgical & Medical Consumables"
"2122","6022","Sterile Catheter Single Use for Urinary Drainage (Foley Balloon Catheter), 2 way (16FG)","1's","37.5","Surgical & Medical Consumables"
"2123","6023","Sterile Catheter Single Use for Urinary Drainage (Foley Balloon Catheter), 2 way (18FG)","1's","37.5","Surgical & Medical Consumables"
"2124","6024","Sterile Catheter Single Use for Urinary Drainage (Foley Balloon Catheter), 2 way (20FG)","1's","37.5","Surgical & Medical Consumables"
"2125","6025","Sterile Catheter Single Use for Urinary Drainage (Foley Balloon Catheter), 2 way (22FG)","1's","37.5","Surgical & Medical Consumables"
"2126","6026","Sterile Catheter Single Use for Urinary Drainage (Foley Balloon Catheter), 2 way (24FG)","1's","37.5","Surgical & Medical Consumables"
"2127","6020","Sterile Catheter Single Use for Urinary Drainage (Foley Balloon Catheter), 2 way (8FG)","1's","60.94","Surgical & Medical Consumables"
"2128","6032","Sterile Disposable Infusion set with Microdrip (I.V.) (Adult use)","1's","14.06","Surgical & Medical Consumables"
"2129","6031","Sterile Disposable Infusion set with Microdrip (I.V.) (Pediatric use)","1's","51.56","Surgical & Medical Consumables"
"2130","6030","Sterile Disposable Perfusion set with airway and needle adult use 150cm long smooth kink resist","1's","12.19","Surgical & Medical Consumables"
"2131","5039","Sterile Disposable Spinal Needle 22G x 3 ½ inch","1's","51.56","Surgical & Medical Consumables"
"2132","5040","Sterile Disposable Spinal Needle 25G x 3 ½ inch","1's","51.56","Surgical & Medical Consumables"
"2133","5094","Sterile Gauze Pad size 2X2","1's","6.56","Surgical & Medical Consumables"
"2134","5095","Sterile Gauze Pad size 3X3","1's","7.5","Surgical & Medical Consumables"
"2135","5096","Sterile Gauze Pad size 4X4","1's","8.44","Surgical & Medical Consumables"
"2136","5070","Sterilized Umbilical Cotton Tape 3mm x 75cm","1's","39.38","Surgical & Medical Consumables"
"2137","451","Streptokinase Injection IP 15,00,000 IU","10 ml & wfi","932.81","Cardiovascular System (CVS)"
"2138","2633","Strontium chloride hexahydrate 10% w/w Toothpaste","100g","0","Stomatologicals"
"2139","1068","Sucralfate 1g and Oxetacaine 10mg Suspension per 10ml","100 ml","63.75","Gastrointestinal (GIT)"
"2140","475","Sucralfate Suspension 500mg per 5ml","200 ml","72.19","Gastrointestinal (GIT)"
"2141","6013","Suction Catheter FG (10), 50 cm, Sterilized","1's","7.5","Surgical & Medical Consumables"
"2142","6014","Suction Catheter FG (12), 50 cm, Sterilized","1's","7.5","Surgical & Medical Consumables"
"2143","6015","Suction Catheter FG (14), 50 cm, Sterilized","1's","8.44","Surgical & Medical Consumables"
"2144","6016","Suction Catheter FG (16), 50 cm, Sterilized","1's","9.38","Surgical & Medical Consumables"
"2145","6017","Suction Catheter FG (18), 50 cm, Sterilized","1's","9.38","Surgical & Medical Consumables"
"2146","6018","Suction Catheter FG (20), 50 cm, Sterilized","1's","10.31","Surgical & Medical Consumables"
"2147","6011","Suction Catheter FG (6), 50 cm, Sterilized","1's","6.56","Surgical & Medical Consumables"
"2148","6012","Suction Catheter FG (8), 50 cm, Sterilized","1's","6.56","Surgical & Medical Consumables"
"2149","6010","Suction Catheter FG 5","1's","13.13","Surgical & Medical Consumables"
"2150","492","Sulfasalazine Delayed Release Tablets 500mg","10's","25.36","Gastrointestinal (GIT)"
"2151","489","Sulfasalazine Gastro-resistant Tablets 1000mg","10's","72.19","Gastrointestinal (GIT)"
"2152","697","Sulphacetamide Eye Drop IP 10 % w/v","10 ml","11.25","Opthalmic/Otic"
"2153","2898","Sumatriptan 50 Mg Tablets","10's","0","Anti-Migraine"
"2154","2136","Sumatriptan 85mg and Naproxen 500mg Tablets","2's","46.88","Analgesic/Antipyretic/Anti-Inflammatory"
"2155","2469","Sunitinib Capsules 12.5mg","28's Bottle","499","Oncology"
"2156","2470","Sunitinib Capsules 25mg","28's Bottle","910","Oncology"
"2157","5033","Surgical Blade, No. 15, Sterilized","1's","3.75","Surgical & Medical Consumables"
"2158","5030","Surgical Blade, No. 22, Sterilized","1's","3.75","Surgical & Medical Consumables"
"2159","8178","Surgical Cap","1's","3","Surgical & Medical Consumables"
"2160","6009","Surgical Cap, Disposable(for Surgeons/Nurses)","1's","2","Surgical & Medical Consumables"
"2161","8080","Surgical Face Mask, Disposable","1's","2","Surgical & Medical Consumables"
"2162","6001","Surgical Rubber Gloves-Disposable, Sterile, 6.5 inch","PAIR","20.63","Surgical & Medical Consumables"
"2163","6002","Surgical Rubber Gloves-Disposable, Sterile, 7 inch","PAIR","20.63","Surgical & Medical Consumables"
"2164","6003","Surgical Rubber Gloves-Disposable, Sterile, 7.5 inch","PAIR","20.63","Surgical & Medical Consumables"
"2165","6004","Surgical Rubber Gloves-Disposable, Sterile, 8 inch","PAIR","18.75","Surgical & Medical Consumables"
"2166","8179","Surgical shoe cap","1's","4","Surgical & Medical Consumables"
"2167","2634","Surgical Spirit IP (Methyl Salicylate 0.5% v/v, Diethyl Pthalate 2% v/v & Castor Oil 2.5% v/v)","100ml","0","Antiseptic/Disinfectants"
"2168","8012","Surgical Suture (Absorbable, Synthetic) 1/2 Cir Rb, Niddle 20mm, Length 70cm","1's","46.88","Surgical & Medical Consumables"
"2169","8022","Surgical Suture (Absorbable, Synthetic) 1/2 Cir Rb, Niddle 20mm, Length 70cm, USP 4/0","1's","42.19","Surgical & Medical Consumables"
"2170","8014","Surgical Suture (Absorbable, Synthetic) 1/2 Cir Rb, Niddle 30mm, Length 90cm, USP-1/0","1's","51.56","Surgical & Medical Consumables"
"2171","8013","Surgical Suture (Absorbable, Synthetic) 1/2 Cir Rb, Niddle 30mm, Length 90cm, USP-2/0","1's","42.19","Surgical & Medical Consumables"
"2172","8019","Surgical Suture (Absorbable, Synthetic) 1/2 Cir Rb, Niddle 40mm, Length 90cm, USP-2/0","1's","220.31","Surgical & Medical Consumables"
"2173","8015","Surgical Suture (Absorbable, Synthetic) 1/2 Cir Rb, Tapercut Niddle 40mm, Length 90cm","1's","220.31","Surgical & Medical Consumables"
"2174","8021","Surgical Suture (Absorbable, Synthetic) 3/8 Cir Rb, cutting Niddle 22mm, Length 45cm","1's","37.5","Surgical & Medical Consumables"
"2175","5012","Syringe 10 ml with needle 21G","1's","4.64","Surgical & Medical Consumables"
"2176","5010","Syringe 2 ml with needle 24G","1's","2.57","Surgical & Medical Consumables"
"2177","5013","Syringe 20 ml with needle 23G","1's","8.44","Surgical & Medical Consumables"
"2178","5011","Syringe 5 ml with needle 24G","1's","3.09","Surgical & Medical Consumables"
"2179","225","Syrup of Iron and Folic Acid in a flavoured Base","200 ml","33","Supplement/Vitamin/Mineral"
"2180","2030","Tacrolimus Capsule IP 0.25 mg","10's","42.19","Immunosuppressant"
"2181","2029","Tacrolimus Capsule IP 1 mg","10's","103.13","Immunosuppressant"
"2182","2028","Tacrolimus Capsule IP 2 mg","10's","178.13","Immunosuppressant"
"2183","1810","Tacrolimus Ointment 0.1% w/w","10 gm tube","93.75","Dermatology/Topical/External"
"2184","2041","Tadalafil 10Mg And Dapoxetine 30 Mg Tablets","4's","65.63","Urology"
"2185","2750","Tadalafil Oral Disintegrating Strips 10 mg","1's","9.38","Urology"
"2186","2751","Tadalafil Oral Disintegrating Strips 20 mg","1's","14.06","Urology"
"2187","2754","Tadalafil Tablets IP 10 mg","4's","9.38","Urology"
"2188","2752","Tadalafil Tablets IP 2.5 mg","10's","9.38","Urology"
"2189","570","Tadalafil Tablets IP 20 mg","4's","17.02","Urology"
"2190","2753","Tadalafil Tablets IP 5 mg","10's","11.25","Urology"
"2191","163","Tamoxifen Citrate Tablets IP 10 mg","10's","10.31","Oncology"
"2192","164","Tamoxifen Citrate Tablets IP 20 mg","10's","15","Oncology"
"2193","571","Tamsulosin Hydrochloride (Modified Release) 0.4mg and Dutasteride 0.5mg Tablets","15's","27.23","Urology"
"2194","1871","Tamsulosin Hydrochloride 0.4mg and Tolterodine Tartrate 2mg Extended Release Capsules","10's","56.25","Urology"
"2195","1872","Tamsulosin Hydrochloride 0.4mg and Tolterodine Tartrate 4mg Extended Release Capsules","10's","75","Urology"
"2196","1072","Tamsulosin Hydrochloride Prolonged Release Capsules IP 0.4mg","10's","22.69","Urology"
"2197","2318","Tannic Acid Glycerin 27% w/v, Potassium Iodide 0.05% w/v, Iodine 0.03% w/v, Menthol 0.05% w/v and Thymol 0.033% w/v with Glycerine Mouth Paint","20ml Bottle in Mono Carton","0","Stomatologicals"
"2198","2350","Tapentadol 100mg Extended Release Tablets","10's","60.94","Analgesic/Antipyretic/Anti-Inflammatory"
"2199","2351","Tapentadol 50mg Tablets","10's","30","Analgesic/Antipyretic/Anti-Inflammatory"
"2200","1409","Teicoplanin Injection IP 400mg","1 ml Vial","750","Antibiotics"
"2201","2860","Telmisartan + Indapamide Tablet (40/1.5 Mg)","10's","0","Cardiovascular System (CVS)"
"2202","2861","Telmisartan + Rosuvastatin Tablet (40/10 Mg)","10's","0","Cardiovascular System (CVS)"
"2203","2862","Telmisartan + S- Amlodipine Tablet (40/2.5 Mg)","15's","0","Cardiovascular System (CVS)"
"2204","2863","Telmisartan + S- Amlodipine Tablet (40/5 Mg)","15's","0","Cardiovascular System (CVS)"
"2205","2471","Telmisartan 40mg + Cilnidipine 10mg + Metoprolol ER 25 Tablets","10's","30","Cardiovascular System (CVS)"
"2206","2472","Telmisartan 40mg + Cilnidipine 10mg + Metoprolol ER 50 Tablets","10's","32.81","Cardiovascular System (CVS)"
"2207","2473","Telmisartan 40mg + Metoprolol ER 25mg + Chlorthalidon 12.5mg Tablets","10's","32.81","Cardiovascular System (CVS)"
"2208","417","Telmisartan 40mg and Amlodipine 5mg Tablets IP","15's","24.96","Cardiovascular System (CVS)"
"2209","2053","Telmisartan 40mg and Atorvastatin 10mg Tablet","10's","14.06","Cardiovascular System (CVS)"
"2210","2635","Telmisartan 40mg and Bisoprolol Fumarate 2.5mg Tablets","10's","18.75","Cardiovascular System (CVS)"
"2211","2636","Telmisartan 40mg and Bisoprolol Fumarate 5mg Tablets","10's","23.44","Cardiovascular System (CVS)"
"2212","436","Telmisartan 40mg and Chlorthalidone 12.5mg Tablets","10's","22.69","Cardiovascular System (CVS)"
"2213","1411","Telmisartan 40mg and Chlorthalidone 6.25mg Tablets","10's","20.63","Cardiovascular System (CVS)"
"2214","298","Telmisartan 40mg and Hydrochlorothiazide 12.5mg Tablets IP","10's","17.53","Cardiovascular System (CVS)"
"2215","1073","Telmisartan 40mg and Metoprolol 25mg Tablets","10's","30.94","Cardiovascular System (CVS)"
"2216","1410","Telmisartan 40mg, Amlodipine 5mg and Hydrochlorothiazide 12.5mg Tablets","10's","21.55","Cardiovascular System (CVS)"
"2217","1814","Telmisartan 40mg, Chlorthalidone 12.5mg and Amlodipine 5mg Tablets","10's","22.5","Cardiovascular System (CVS)"
"2218","1815","Telmisartan 40mg, Chlorthalidone 6.25mg and Amlodipine 5mg Tablets","10's","18.75","Cardiovascular System (CVS)"
"2219","2137","Telmisartan 40mg, Cilnidipine 10mg and Chlorthalidone 12.5mg Tablets","10's","28.13","Cardiovascular System (CVS)"
"2220","1816","Telmisartan 40mg, Cilnidipine 10mg and Chlorthalidone 6.25mg Tablets","10's","28.13","Cardiovascular System (CVS)"
"2221","1811","Telmisartan 80mg and Amlodipine 5mg Tablets IP","10's","28.13","Cardiovascular System (CVS)"
"2222","2495","Telmisartan 80mg and Chlorthalidone 12.5mg Tablets","10's","28.13","Cardiovascular System (CVS)"
"2223","1812","Telmisartan 80mg and Cilnidipine 10mg Tablets","10's","32.81","Cardiovascular System (CVS)"
"2224","1074","Telmisartan 80mg and Hydrochlorothiazide 12.5mg Tablets IP","10's","23.72","Cardiovascular System (CVS)"
"2225","2203","Telmisartan 80mg, Amlodipine 5mg and Hydrochlorothiazide 12.5mg Tablets","10's","37.5","Cardiovascular System (CVS)"
"2226","299","Telmisartan Tablets IP 20mg","10's","11.34","Cardiovascular System (CVS)"
"2227","300","Telmisartan Tablets IP 40mg","10's","12.38","Cardiovascular System (CVS)"
"2228","1813","Telmisartan Tablets IP 80mg","10's","24.96","Cardiovascular System (CVS)"
"2229","1217","Temozolomide Capsules IP 100mg","5's in Bottle","1371.56","Oncology"
"2230","2474","Temozolomide Capsules IP 20mg","5's in bottle","314.06","Oncology"
"2231","1218","Temozolomide Capsules IP 250 mg","5's","2517.19","Oncology"
"2232","2475","Teneligliptin 20mg and Dapagliflozin 10mg Tablets","10's","32.81","Anti-Diabetic"
"2233","2476","Teneligliptin 20mg and Dapagliflozin 5mg Tablets","10's","28.13","Anti-Diabetic"
"2234","1130","Teneligliptin 20mg and Metformin Hydrochloride 1000mg (Sustained Release) Tablets IP","10's","41.25","Anti-Diabetic"
"2235","1129","Teneligliptin 20mg and Metformin Hydrochloride 500mg (Sustained Release) Tablets IP","10's","30.94","Anti-Diabetic"
"2236","2352","Teneligliptin 20mg and Pioglitazone 15mg Tablets","10's","20.63","Anti-Diabetic"
"2237","2755","Teneligliptin 20mg, Dapagliflozin 10mg and Metformin Hydrochloride (Sustained Release) 1000mg Tablets","10's","46.88","Anti-Diabetic"
"2238","2756","Teneligliptin 20mg, Dapagliflozin 10mg and Metformin Hydrochloride (Sustained Release) 500mg Tablets","10's","42.19","Anti-Diabetic"
"2239","2637","Teneligliptin 20mg, Metformin Hydrochloride 1000mg (Sustained Release) and Pioglitazone 15mg Tablets IP","10's","70.31","Anti-Diabetic"
"2240","2638","Teneligliptin 20mg, Metformin Hydrochloride 500mg (Sustained Release) and Pioglitazone 15mg Tablets IP","10's","42.19","Anti-Diabetic"
"2241","1075","Teneligliptin Tablets IP 20mg","10's","20.63","Anti-Diabetic"
"2242","2204","Tenofovir Alafenamide Tablets IP 25mg","30's in Bottle","562.5","Hepato-protective"
"2243","1076","Tenofovir Disoproxil Fumarate Tablets IP 300 mg","10's","183.75","Anti-Retroviral"
"2244","2899","Terazosin (1Mg) Tab","10's","0","Cardiovascular System (CVS)"
"2245","2900","Terazosin (2Mg) Tab","10's","0","Cardiovascular System (CVS)"
"2246","1817","Terbinafine Hydrochloride Cream IP 1% w/w","10 gm","23.44","Dermatology/Topical/External"
"2247","2639","Terbinafine Hydrochloride Dusting Powder 1% w/w","30g","0","Anti-Fungal"
"2248","387","Terbinafine Tablets IP 250mg","7's","42.28","Anti-Fungal"
"2249","1454","Terbutaline 1.25mg, Ambroxol 15mg, Guaiphenesin 50mg per 5ml Syrup with Menthol base","100 ml","33","Respiratory"
"2250","639","Terbutaline Sulphate 1.25mg, Bromhexine 4mg, Guaiphenesin 50mg and Menthol 2.5mg Syrup per 5ml","100 ML","24.96","Respiratory"
"2251","1414","Terlipressin Injection 1000 mcg (1 mg/10ml)","10 ml Vial","210.94","Cardiovascular System (CVS)"
"2252","2823","Testosterone Enanthate Injection 250mg per 1 ml","1 ML","0","Steroids & Hormones"
"2253","359","Tetanus Vaccine IP","0.5 ml Ampoule","6.5","Vaccines"
"2254","1818","Tetrabenazine Tablets 25mg","10's","178.13","Central Nervous System (CNS)"
"2255","2477","Thalidomide Capsules 100mg","10's","150","Oncology"
"2256","2478","Thalidomide Capsules 200mg","10's","234.38","Oncology"
"2257","2479","Thalidomide Capsules 50mg","10's","84.38","Oncology"
"2258","1451","Theophylline Prolonged-release Tablets IP 400 mg","10's","28.13","Respiratory"
"2259","595","Thiamine 100mg, Pyridoxine Hydrochloride 100mg and Cyanocobalamin 1000mcg per 3 ml Injection","3 ml","7.5","Supplement/Vitamin/Mineral"
"2260","2263","Thiamine Hydrochloride Injection IP 100mg/ml","2ml vial","14.06","Supplement/Vitamin/Mineral"
"2261","517","Thiocolchicoside 4mg and Aceclofenac 100mg Tablets","10's","51.57","Analgesic/Antipyretic/Anti-Inflammatory"
"2262","1417","Thiocolchicoside Capsules IP 4mg","10's","42.19","Analgesic/Antipyretic/Anti-Inflammatory"
"2263","2640","Throat Spray (Chamomile extract, peppermint oil, Sage oil, Pine Needle oil, Bergamot oil, Cineole oil, Methyl salicylate, Ethyl Alcohol, Propylene Glycol, Glycerin, Citric acid, Polysorbate 80, water)","50ml in Mono-carton","0","Throat Spray for Freshness"
"2264","8106","Thumb and Wrist brace (Extra Large)","1's","90","Surgical & Medical Consumables"
"2265","8105","Thumb and Wrist brace (Large)","1's","90","Surgical & Medical Consumables"
"2266","8104","Thumb and Wrist brace (Medium)","1's","90","Surgical & Medical Consumables"
"2267","8103","Thumb and Wrist brace (Small)","1's","90","Surgical & Medical Consumables"
"2268","332","Thyroxine Sodium Tablets IP 100 mcg","100's","70.33","Anti-Thyroid"
"2269","1850","Thyroxine Sodium Tablets IP 12.5mcg","100's Bottle","60.94","Anti-Thyroid"
"2270","1853","Thyroxine Sodium Tablets IP 125mcg","100's Bottle","71.25","Anti-Thyroid"
"2271","2480","Thyroxine Sodium Tablets IP 150mcg","120's in Bottle","93.75","Anti-Thyroid"
"2272","1851","Thyroxine Sodium Tablets IP 25mcg","100's Bottle","42.19","Anti-Thyroid"
"2273","1221","Thyroxine Sodium Tablets IP 50mcg","100's in Bottle","55.65","Anti-Thyroid"
"2274","2757","Thyroxine Sodium Tablets IP 62.5mcg","100's Bottle","54.38","Anti-Thyroid"
"2275","1852","Thyroxine Sodium Tablets IP 75mcg","100's Bottle","56.25","Anti-Thyroid"
"2276","2864","Tianeptine Tablet (12.5 Mg)","10's","0","Central Nervous System (CNS)"
"2277","2481","Ticagrelor Tablets IP 60mg","10's","89.06","Cardiovascular System (CVS)"
"2278","1819","Ticagrelor Tablets IP 90 mg","10's","134.07","Cardiovascular System (CVS)"
"2279","1418","Tigecycline Injection IP 50 mg","5 ml Vial","618.75","Antibiotics"
"2280","690","Timolol Maleate Eye Drops IP 0.5 %","5 ml Vial","19.69","Opthalmic/Otic"
"2281","107","Tinidazole Tablets IP 300 mg","10's","12.19","Antibiotics"
"2282","108","Tinidazole Tablets IP 500 mg","10's","15","Antibiotics"
"2283","564","Tiotropium Bromide 18mcg and Formoterol Fumarate Dihydrate 12mcg Rotacaps","15's","70.31","Respiratory"
"2284","565","Tiotropium Bromide 18mcg, Formoterol Fumarate Dihydrate 12mcg and Ciclesonide 400mcg Rotacaps","15's","140.63","Respiratory"
"2285","1821","Tiotropium Bromide Inhalation 9mcg per actuation","200 mdi","206.25","Respiratory"
"2286","1822","Tiotropium Powder for Inhalation IP 18mcg Rotacaps","15's in Monocarton","65.63","Respiratory"
"2287","1081","Tizanidine Tablets I.P 2mg","10's","9.38","Analgesic/Antipyretic/Anti-Inflammatory"
"2288","2641","Tobramycin 0.3% w/v and Fluoromethalone 0.1% w/v Opthalmic Solution IP","5ml in Mono-carton","0","Opthalmic/Otic"
"2289","1432","Tobramycin Eye Drops 0.3%w/v","5 ml Vial","25","Opthalmic/Otic"
"2290","2642","Tofacitinib 2.0% w/w Ointment","20g","328.13","Dermatology/Topical/External"
"2291","2643","Tofacitinib Extended Release Tablets 11mg","10's","126.56","Ortho"
"2292","2644","Tofacitinib Extended Release Tablets 22mg","10's","225","Ortho"
"2293","2645","Tofacitinib Tablets 10mg","10's","93.75","Ortho"
"2294","2646","Tofacitinib Tablets 5mg","10's","51.56","Ortho"
"2295","2865","Tofisopam Tablet (50 Mg)","10's","0","Central Nervous System (CNS)"
"2296","2647","Tolperisone Hydrochloride 150mg and Diclofenac Sodium 50mg Tablets","10's","18.75","Analgesic/Antipyretic/Anti-Inflammatory"
"2297","1980","Tolperisone Tablet 150mg","10's","14.06","Central Nervous System (CNS)"
"2298","1873","Tolterodine Tartrate Extended Release Capsules 2mg","10's","46.88","Urology"
"2299","1874","Tolterodine Tartrate Extended Release Capsules 4 mg","10's","65.63","Urology"
"2300","1824","Tolvaptan Tablets 15mg","10's","196.88","Diuretic"
"2301","2353","Topiramate 100mg Tablets","10's","28.13","Central Nervous System (CNS)"
"2302","2354","Topiramate 50mg Tablets","10's","18.75","Central Nervous System (CNS)"
"2303","2482","Topiroxostat Tablets 20mg","10's","46.88","Treatment of Gout"
"2304","2483","Topiroxostat Tablets 40mg","10's","84.38","Treatment of Gout"
"2305","2484","Topiroxostat Tablets 60mg","10's","121.88","Treatment of Gout"
"2306","2485","Torasemide 10mg + Spironolactone 25mg Tablets","10's","17.81","Urology"
"2307","2648","Torasemide 10mg and Amiloride 5mg Tablets","10's","0","Urology"
"2308","422","Torasemide Tablets IP 10mg","15's","17.53","Diuretic"
"2309","1825","Torsemide 10mg and Spironolactone 50mg Tablets","15's","33","Diuretic"
"2310","2758","Torsemide 20 mg and Spironolactone 25 mg Tablets","15's","39.38","Diuretic"
"2311","2759","Torsemide 5 mg and Spironolactone 50 mg Tablets","15's","42.19","Diuretic"
"2312","2138","Torsemide Tablets IP 100mg","10's","46.88","Diuretic"
"2313","457","Torsemide Tablets IP 20 mg","10's","20.42","Diuretic"
"2314","1827","Torsemide Tablets IP 40mg","15's","46.88","Urology"
"2315","1828","Torsemide Tablets IP 5mg","15's","10.32","Urology"
"2316","5064","Tracheostomy Tube (PVC), Sterilised, single use Size-24","1's","206.25","Surgical & Medical Consumables"
"2317","27","Tramadol HCl Injection 50mg 1 ml","1 ml","4.69","Analgesic/Antipyretic/Anti-Inflammatory"
"2318","2649","Tramadol Hydrochloride (IR) 50mg and Diclofenac Sodium (SR) 75mg Tablets","10's","18.75","Analgesic/Antipyretic/Anti-Inflammatory"
"2319","26","Tramadol Hydrochloride Injection 100 mg per 2 ml","2 ml","7.5","Analgesic/Antipyretic/Anti-Inflammatory"
"2320","521","Tramadol Prolonged Release Tablets IP 100 mg","10's","32.81","Analgesic/Antipyretic/Anti-Inflammatory"
"2321","28","Tramadol Tablets 50mg","10's","8.25","Analgesic/Antipyretic/Anti-Inflammatory"
"2322","414","Tranexamic Acid 500mg and Mefenamic Acid 250mg Tablets","10's","76.88","Coagulants"
"2323","302","Tranexamic Acid Injection IP 500 mg (100mg per ml)","5 ml Amp.","24","Coagulants"
"2324","301","Tranexamic Acid Tablets IP  500 mg","10's","74","Coagulants"
"2325","8181","Transparent film dressings (Sterile) 10cm X 12cm","1's","60.94","Surgical & Medical Consumables"
"2326","2650","Tranylcypromine Tablets 10mg","10's","0","Central Nervous System (CNS)"
"2327","410","Trastuzumab Injection 440 mg With Wfi","1's","14062.5","Oncology"
"2328","2486","Travoprost 40mcg and Timolol 5mg Eye Drops","2.5ml","0","Opthalmic/Otic"
"2329","1829","Travoprost Ophthalmic Solution IP 0.004%w/v","2.5 ml","159.38","Opthalmic/Otic"
"2330","2355","Trazodone Hydrochloride 50mg Tablets","10's","0","Central Nervous System (CNS)"
"2331","2760","Trazodone Hydrochloride Tablets IP 100 mg","10's","46.88","Central Nervous System (CNS)"
"2332","2761","Trazodone Hydrochloride Tablets IP 25 mg","10's","14.06","Central Nervous System (CNS)"
"2333","1226","Triamcinolone Acetonide Injection IP 40mg per ml","1 ml Vial","46.88","Steroids & Hormones"
"2334","676","Triamcinolone Acetonide Mouth Ulcer Gel 0.1% w/w","10 gm","45.94","Stomatologicals"
"2335","1227","Triamcinolone Tablets IP 4mg","10's","32.81","Steroids & Hormones"
"2336","181","Tricholine Citrate 275mg and Cyproheptadine Hydrochloride 2mg Syrup per 5ml","200 ml","35.63","Gastrointestinal (GIT)"
"2337","2651","Triclofos oral Solution IP","30ml in Mono-carton","0","Central Nervous System (CNS)"
"2338","2762","Trientine Hydrochloride Capsules 250 mg","100's in Bottle","10231.88","Hepato-Protective"
"2339","2866","Trifluoperazine + Trihexyphenidyl Tablet (2.5/1 Mg)","10's","0","Central Nervous System (CNS)"
"2340","2867","Trifluoperazine + Trihexyphenidyl Tablet (5/2 Mg)","10's","0","Central Nervous System (CNS)"
"2341","1087","Trihexyphenidyl Hydrochloride Tablets IP 2mg (Benzhexol Hydrochloride Tablets IP 2mg)","10's","6.81","Central Nervous System (CNS)"
"2342","1830","Trimetazidine Hydrochloride Controlled Release Capsules 60mg","10's","41.25","Cardiovascular System (CVS)"
"2343","1088","Trimetazidine Hydrochloride Modified Release Tablets 35 mg","10's","22.69","Cardiovascular System (CVS)"
"2344","2375","Triphala Tablets 500 mg","60's in Bottle","30","Ayurvedic"
"2345","693","Tropicamide Eye Drops IP 1% W/V","5 ml Vial","28.13","Opthalmic/Otic"
"2346","1427","Trypsin 48mg, Bromelain 90mg and Rutoside Trihydrate 100mg Tablets","10's","65.63","Analgesic/Antipyretic/Anti-Inflammatory"
"2347","1831","Trypsin 48mg, Bromelain 90mg, Rutoside Trihydrate 100mg and Diclofenac Sodium 50mg Tablets","10's","46.88","Analgesic/Antipyretic/Anti-Inflammatory"
"2348","2652","Tulobuterol Transdermal patch 0.5mg","14's in Mono-carton","0","Respiratory"
"2349","2763","Ubidecarenone (Co-enzyme Q10) Capsules 100 mg","10's","84.38","Supplement/Vitamin/Mineral"
"2350","2764","Ubidecarenone (Co-enzyme Q10) Capsules 300 mg","10's","234.38","Supplement/Vitamin/Mineral"
"2351","2017","Ulipristal Acetate Tablets  5mg","10's","445.31","Gynaecology"
"2352","8082","Umbilical Catheter (For New Born)","1's","56.25","Surgical & Medical Consumables"
"2353","5041","Urine Collecting Bag, Disposable, 2000ml","1's pack","30","Surgical & Medical Consumables"
"2354","1833","Ursodeoxycholic Acid Tablets IP 150mg","15's","100","Hepato-Protective"
"2355","466","Ursodeoxycholic Acid Tablets IP 300 mg","10's","176.66","Hepato-Protective"
"2356","1834","Valacyclovir Tablets 1000mg","3's","103.13","Anti-Viral"
"2357","2356","Valacyclovir Tablets 500mg","3's in Mono Carton","46.88","Anti-Viral"
"2358","1431","Valethamate Injection 8 mg per ml (For IM/IV use)","1 ml Ampoule","9.28","Gynaecology"
"2359","746","Valganciclovir Hydrochloride Tablets USP 450 mg","10's","1740","Anti-viral"
"2360","2139","Valsartan Tablets IP 40 mg","10's","18.75","Cardiovascular System (CVS)"
"2361","454","Valsartan Tablets IP 80 mg","10's","34.03","Cardiovascular System (CVS)"
"2362","2766","Vancomycin Hydrochloride Capsules IP 250mg","10's","0","Antibiotics"
"2363","2765","Vancomycin Hydrochloride for Intravenous Infusion IP 1000 mg","Vial","0","Antibiotics"
"2364","109","Vancomycin Hydrochloride for Intravenous Infusion IP 500 mg","Vial & Wfi","135","Antibiotics"
"2365","2767","Vasopressin injection IP 20IU","1ml Ampoule","80","Anti-Diuretic"
"2366","1091","Vecuronium Bromide Injection I.P 4mg","Vial","45","Anaesthetics"
"2367","8182","Vein Compression Stocking Knee length (Extra Large)","1's","130","Surgical & Medical Consumables"
"2368","8183","Vein Compression Stocking Knee length (Large)","1's","140","Surgical & Medical Consumables"
"2369","8184","Vein Compression Stocking Knee length (Medium)","1's","140","Surgical & Medical Consumables"
"2370","8185","Vein Compression Stocking Knee length (Small)","1's","140","Surgical & Medical Consumables"
"2371","8186","Vein Compression Stocking Knee length (XXL)","1's","140","Surgical & Medical Consumables"
"2372","8187","Vein Compression Stocking Thigh length (Extra Large)","1's","170","Surgical & Medical Consumables"
"2373","8188","Vein Compression Stocking Thigh length (Large)","1's","170","Surgical & Medical Consumables"
"2374","8189","Vein Compression Stocking Thigh length (Medium)","1's","170","Surgical & Medical Consumables"
"2375","8190","Vein Compression Stocking Thigh length (Small)","1's","170","Surgical & Medical Consumables"
"2376","8191","Vein Compression Stocking Thigh length (XXL)","1's","180","Surgical & Medical Consumables"
"2377","2359","Venlafaxine Prolonged Release Capsules 150mg","10's","0","Central Nervous System (CNS)"
"2378","2357","Venlafaxine Prolonged Release Capsules 37.5mg","10's","18.75","Central Nervous System (CNS)"
"2379","2358","Venlafaxine Prolonged Release Capsules 75mg","10's","28.13","Central Nervous System (CNS)"
"2380","2205","Verapamil Hydrochloride Prolonged Release 120mg Tablets IP","15's","0","Cardiovascular System (CVS)"
"2381","2140","Verapamil Tablets IP 40mg","10's","4.22","Cardiovascular System (CVS)"
"2382","455","Verapamil Tablets IP 80 mg","10's","13.13","Cardiovascular System (CVS)"
"2383","2360","Vildaglipitin 100mg Extended Release Tablets","10's","42.19","Anti-Diabetic"
"2384","2653","Vildagliptin 100mg and Metformin Hydrochloride (sustained release) 1000mg Tablets","10's","42.19","Anti-Diabetic"
"2385","2654","Vildagliptin 100mg and Metformin Hydrochloride (sustained release) 500mg Tablets","10's","37.5","Anti-Diabetic"
"2386","2768","Vildagliptin 50mg and Dapagliflozin 5mg Tablets","15's","0","Anti-Diabetic"
"2387","2655","Vildagliptin 50mg and Metformin Hydrochloride (sustained release) 1000mg Tablets","15's","32.81","Anti-Diabetic"
"2388","2656","Vildagliptin 50mg and Metformin Hydrochloride (sustained release) 500mg Tablets","15's","28.13","Anti-Diabetic"
"2389","1463","Vildagliptin 50mg and Metformin Hydrochloride 1000mg Tablets IP","15's","36.09","Anti-Diabetic"
"2390","1462","Vildagliptin 50mg and Metformin Hydrochloride 500mg Tablets IP","15's","30.94","Anti-Diabetic"
"2391","1837","Vildagliptin 50mg and Metformin Hydrochloride 850mg Tablets IP","15's","30","Anti-Diabetic"
"2392","1461","Vildagliptin Tablets IP 50mg","15's","20.63","Anti-Diabetic"
"2393","2769","Vincristine Injection 1mg","1ml Vial","0","Oncology"
"2394","2281","Vitamin A 600mcg, Vitamin C 500mg, Vitamin D3 1000 IU and Zinc 50mg Chewable Tablets","10's","0","Supplement/Vitamin/Mineral"
"2395","1097","Vitamin A Capsule IP 25000 IU","30's","15","Supplement/Vitamin/Mineral"
"2396","665","Vitamin B Complex and Ascorbic Acid Capsules","10's","17.53","Supplement/Vitamin/Mineral"
"2397","230","Vitamin B-Complex fort Zinc Capsule","10's","10.21","Supplement/Vitamin/Mineral"
"2398","232","Vitamin B-Complex Syrup","200 ml","39.38","Supplement/Vitamin/Mineral"
"2399","231","Vitamin B-Complex Tablets (B1 10mg, B2 10mg, B3 45mg, B5 50mg, B6 3mg, B12 15mcg)","10's","16.5","Supplement/Vitamin/Mineral"
"2400","1251","Vitamin B6 (Pyridoxine Hydrochloride) Tablets IP 100mg","10's","20.63","Supplement/Vitamin/Mineral"
"2401","2278","Vitamin C Effervescent Tablets (Vitamin C 1000mg, Vitamin D3 400 IU, Zinc 10mg)","10's","0","Supplement/Vitamin/Mineral"
"2402","2271","Vitamin D3 60000 IU Oral Disintegrating Strips","10's in Mono Carton","84.38","Supplement/Vitamin/Mineral"
"2403","1841","Vitamin D3 Oral Solution 60000 IU","5 ml","25.78","Supplement/Vitamin/Mineral"
"2404","1231","Vitamin E Acetate 200mg and Levocarnitine 150mg Tablets","10's","0","Supplement/Vitamin/Mineral"
"2405","2206","Vitamin E Capsules 600mg","10's","26.25","Supplement/Vitamin/Mineral"
"2406","588","Vitamin E Softgel Capsules 400 mg","10's","22.69","Supplement/Vitamin/Mineral"
"2407","1849","Vitamin-C Chewable Tablets 500mg","10's","14.06","Supplement/Vitamin/Mineral"
"2408","1842","Vitamine B  Complex injection (IM/IV) Use","2 ml","0","Supplement/Vitamin/Mineral"
"2409","582","Vitamins A,C,D,E,And B Complex and Minerals Syrup","200 ML","44.06","Supplement/Vitamin/Mineral"
"2410","2868","Voglibose + Metformin + Gliclazide Tablet (0.2/500/80 Mg)","10's","0","Anti-Diabetic"
"2411","2869","Voglibose + Metformin + Gliclazide Tablet (0.3/500/80 Mg)","15's","0","Anti-Diabetic"
"2412","1843","Voglibose 0.2mg, Glimepiride 1mg and Metformin Hydrochloride 500mg (Sustained Release) Tablets","10's","30.94","Anti-Diabetic"
"2413","1844","Voglibose 0.2mg, Glimepiride 2mg and Metformin Hydrochloride 1000mg (Sustained Release) Tablets","10's","23.44","Anti-Diabetic"
"2414","1845","Voglibose 0.3mg, Glimepiride 2mg and Metformin Hydrochloride 1000mg (Sustained Release) Tablets","10's","33.75","Anti-Diabetic"
"2415","371","Voglibose Tablets IP 0.2 mg","10's","12.47","Anti-Diabetic"
"2416","367","Voglibose Tablets IP 0.3 mg","10's","15.88","Anti-Diabetic"
"2417","2034","Voriconazole Tablets IP 200mg","4's","328.13","Anti-Fungal"
"2418","2487","Vortioxetine Tablets 10mg","10's","60.94","Central Nervous System (CNS)"
"2419","2488","Vortioxetine Tablets 20mg","10's","89.06","Central Nervous System (CNS)"
"2420","2489","Vortioxetine Tablets 5mg","10's","32.81","Central Nervous System (CNS)"
"2421","9043","Walker (Sit Assist-to-stand support)","1's in sealed poly pack","0","Surgical & Medical Consumables"
"2422","8088","Walking Stick Tripod","1's","540","Surgical & Medical Consumables"
"2423","2141","Warfarin Tablets IP 1mg","10's","14.06","Cardiovascular System (CVS)"
"2424","2142","Warfarin Tablets IP 2mg","10's","14.06","Cardiovascular System (CVS)"
"2425","452","Warfarin Tablets IP 5 mg","10's","16.88","Cardiovascular System (CVS)"
"2426","723","Water for Injection amp polypack 10ml","10 ml","1.88","Irrigation Fluid"
"2427","722","Water for Injection amp polypack 5 ml","5 ml","1.41","Irrigation Fluid"
"2428","351","Xylometazoline Nasal Drops IP 0.1%w/v","10 ml","13.62","Respiratory"
"2429","8192","Zig zag cotton","100 gm","47.44","Surgical & Medical Consumables"
"2430","2143","Zinc Sulphate Dispersible Tablets IP 20mg","10's","9.38","Supplement/Vitamin/Mineral"
"2431","2209","Ziprasidone 20mg Capsules","10's","42.19","Central Nervous System (CNS)"
"2432","2213","Ziprasidone 40mg Capsules","10's","65.63","Central Nervous System (CNS)"
"2433","1846","Zoledronic Acid Injection IP 4 mg per vial","4mg/vial","200","Ortho"
"2434","1104","Zoledronic Acid Injection IP 4mg per Vial","Vial","165","Ortho"
"2435","1105","Zolpidem Tablets IP 10mg","10's","18.57","Central Nervous System (CNS)"
"2436","2770","Zolpidem Tablets IP 5mg","10's","9.38","Central Nervous System (CNS)"
"2437","2362","Zonisamide 100mg Capsules","10's","103.13","Central Nervous System (CNS)"
"2438","2361","Zonisamide 50mg Capsules","10's","55.02","Central Nervous System (CNS)"
"2439","304","α-β Arteether Injection 150 mg","2 ml Ampoule","17.81","Anti-Malarial"